emoji,emoji_names,raw
ğŸ˜€,grinning_face,<U+0001F600>
ğŸ˜ƒ,grinning_face_with_big_eyes,<U+0001F603>
ğŸ˜„,grinning_face_with_smiling_eyes,<U+0001F604>
ğŸ˜,beaming_face_with_smiling_eyes,<U+0001F601>
ğŸ˜†,grinning_squinting_face,<U+0001F606>
ğŸ˜…,grinning_face_with_sweat,<U+0001F605>
ğŸ¤£,rolling_on_the_floor_laughing,<U+0001F923>
ğŸ˜‚,face_with_tears_of_joy,<U+0001F602>
ğŸ™‚,slightly_smiling_face,<U+0001F642>
ğŸ™ƒ,upside_down_face,<U+0001F643>
ğŸ˜‰,winking_face,<U+0001F609>
ğŸ˜Š,smiling_face_with_smiling_eyes,<U+0001F60A>
ğŸ˜‡,smiling_face_with_halo,<U+0001F607>
ğŸ¥°,smiling_face_with_hearts,<U+0001F970>
ğŸ˜,smiling_face_with_heart_eyes,<U+0001F60D>
ğŸ¤©,star_struck,<U+0001F929>
ğŸ˜˜,face_blowing_a_kiss,<U+0001F618>
ğŸ˜—,kissing_face,<U+0001F617>
â˜ºï¸,smiling_face,<U+FE0F>
ğŸ˜š,kissing_face_with_closed_eyes,<U+0001F61A>
ğŸ˜™,kissing_face_with_smiling_eyes,<U+0001F619>
ğŸ˜‹,face_savoring_food,<U+0001F60B>
ğŸ˜›,face_with_tongue,<U+0001F61B>
ğŸ˜œ,winking_face_with_tongue,<U+0001F61C>
ğŸ¤ª,zany_face,<U+0001F92A>
ğŸ˜,squinting_face_with_tongue,<U+0001F61D>
ğŸ¤‘,money_mouth_face,<U+0001F911>
ğŸ¤—,hugging_face,<U+0001F917>
ğŸ¤­,face_with_hand_over_mouth,<U+0001F92D>
ğŸ¤«,shushing_face,<U+0001F92B>
ğŸ¤”,thinking_face,<U+0001F914>
ğŸ¤,zipper_mouth_face,<U+0001F910>
ğŸ¤¨,face_with_raised_eyebrow,<U+0001F928>
ğŸ˜,neutral_face,<U+0001F610>
ğŸ˜‘,expressionless_face,<U+0001F611>
ğŸ˜¶,face_without_mouth,<U+0001F636>
ğŸ˜,smirking_face,<U+0001F60F>
ğŸ˜’,unamused_face,<U+0001F612>
ğŸ™„,face_with_rolling_eyes,<U+0001F644>
ğŸ˜¬,grimacing_face,<U+0001F62C>
ğŸ¤¥,lying_face,<U+0001F925>
ğŸ˜Œ,relieved_face,<U+0001F60C>
ğŸ˜”,pensive_face,<U+0001F614>
ğŸ˜ª,sleepy_face,<U+0001F62A>
ğŸ¤¤,drooling_face,<U+0001F924>
ğŸ˜´,sleeping_face,<U+0001F634>
ğŸ˜·,face_with_medical_mask,<U+0001F637>
ğŸ¤’,face_with_thermometer,<U+0001F912>
ğŸ¤•,face_with_head_bandage,<U+0001F915>
ğŸ¤¢,nauseated_face,<U+0001F922>
ğŸ¤®,face_vomiting,<U+0001F92E>
ğŸ¤§,sneezing_face,<U+0001F927>
ğŸ¥µ,hot_face,<U+0001F975>
ğŸ¥¶,cold_face,<U+0001F976>
ğŸ¥´,woozy_face,<U+0001F974>
ğŸ˜µ,dizzy_face,<U+0001F635>
ğŸ¤¯,exploding_head,<U+0001F92F>
ğŸ¤ ,cowboy_hat_face,<U+0001F920>
ğŸ¥³,partying_face,<U+0001F973>
ğŸ˜,smiling_face_with_sunglasses,<U+0001F60E>
ğŸ¤“,nerd_face,<U+0001F913>
ğŸ§,face_with_monocle,<U+0001F9D0>
ğŸ˜•,confused_face,<U+0001F615>
ğŸ˜Ÿ,worried_face,<U+0001F61F>
ğŸ™,slightly_frowning_face,<U+0001F641>
â˜¹ï¸,frowning_face,<U+2639><U+FE0F>
ğŸ˜®,face_with_open_mouth,<U+0001F62E>
ğŸ˜¯,hushed_face,<U+0001F62F>
ğŸ˜²,astonished_face,<U+0001F632>
ğŸ˜³,flushed_face,<U+0001F633>
ğŸ¥º,pleading_face,<U+0001F97A>
ğŸ˜¦,frowning_face_with_open_mouth,<U+0001F626>
ğŸ˜§,anguished_face,<U+0001F627>
ğŸ˜¨,fearful_face,<U+0001F628>
ğŸ˜°,anxious_face_with_sweat,<U+0001F630>
ğŸ˜¥,sad_but_relieved_face,<U+0001F625>
ğŸ˜¢,crying_face,<U+0001F622>
ğŸ˜­,loudly_crying_face,<U+0001F62D>
ğŸ˜±,face_screaming_in_fear,<U+0001F631>
ğŸ˜–,confounded_face,<U+0001F616>
ğŸ˜£,persevering_face,<U+0001F623>
ğŸ˜,disappointed_face,<U+0001F61E>
ğŸ˜“,downcast_face_with_sweat,<U+0001F613>
ğŸ˜©,weary_face,<U+0001F629>
ğŸ˜«,tired_face,<U+0001F62B>
ğŸ¥±,yawning_face,<U+0001F971>
ğŸ˜¤,face_with_steam_from_nose,<U+0001F624>
ğŸ˜¡,pouting_face,<U+0001F621>
ğŸ˜ ,angry_face,<U+0001F620>
ğŸ¤¬,face_with_symbols_on_mouth,<U+0001F92C>
ğŸ˜ˆ,smiling_face_with_horns,<U+0001F608>
ğŸ‘¿,angry_face_with_horns,<U+0001F47F>
ğŸ’€,skull,<U+0001F480>
â˜ ï¸,skull_and_crossbones,<U+2620><U+FE0F>
ğŸ’©,pile_of_poo,<U+0001F4A9>
ğŸ¤¡,clown_face,<U+0001F921>
ğŸ‘¹,ogre,<U+0001F479>
ğŸ‘º,goblin,<U+0001F47A>
ğŸ‘»,ghost,<U+0001F47B>
ğŸ‘½,alien,<U+0001F47D>
ğŸ‘¾,alien_monster,<U+0001F47E>
ğŸ¤–,robot,<U+0001F916>
ğŸ˜º,grinning_cat,<U+0001F63A>
ğŸ˜¸,grinning_cat_with_smiling_eyes,<U+0001F638>
ğŸ˜¹,cat_with_tears_of_joy,<U+0001F639>
ğŸ˜»,smiling_cat_with_heart_eyes,<U+0001F63B>
ğŸ˜¼,cat_with_wry_smile,<U+0001F63C>
ğŸ˜½,kissing_cat,<U+0001F63D>
ğŸ™€,weary_cat,<U+0001F640>
ğŸ˜¿,crying_cat,<U+0001F63F>
ğŸ˜¾,pouting_cat,<U+0001F63E>
ğŸ™ˆ,see_no_evil_monkey,<U+0001F648>
ğŸ™‰,hear_no_evil_monkey,<U+0001F649>
ğŸ™Š,speak_no_evil_monkey,<U+0001F64A>
ğŸ’‹,kiss_mark,<U+0001F48B>
ğŸ’Œ,love_letter,<U+0001F48C>
ğŸ’˜,heart_with_arrow,<U+0001F498>
ğŸ’,heart_with_ribbon,<U+0001F49D>
ğŸ’–,sparkling_heart,<U+0001F496>
ğŸ’—,growing_heart,<U+0001F497>
ğŸ’“,beating_heart,<U+0001F493>
ğŸ’,revolving_hearts,<U+0001F49E>
ğŸ’•,two_hearts,<U+0001F495>
ğŸ’Ÿ,heart_decoration,<U+0001F49F>
â£ï¸,heart_exclamation,<U+2763><U+FE0F>
ğŸ’”,broken_heart,<U+0001F494>
â¤ï¸,red_heart,<U+2764>
ğŸ§¡,orange_heart,<U+0001F9E1>
ğŸ’›,yellow_heart,<U+0001F49B>
ğŸ’š,green_heart,<U+0001F49A>
ğŸ’™,blue_heart,<U+0001F499>
ğŸ’œ,purple_heart,<U+0001F49C>
ğŸ¤,brown_heart,<U+0001F90E>
ğŸ–¤,black_heart,<U+0001F5A4>
ğŸ¤,white_heart,<U+0001F90D>
ğŸ’¯,hundred_points,<U+0001F4AF>
ğŸ’¢,anger_symbol,<U+0001F4A2>
ğŸ’¥,collision,<U+0001F4A5>
ğŸ’«,dizzy,<U+0001F4AB>
ğŸ’¦,sweat_droplets,<U+0001F4A6>
ğŸ’¨,dashing_away,<U+0001F4A8>
ğŸ•³ï¸,hole,<U+0001F573><U+FE0F>
ğŸ’£,bomb,<U+0001F4A3>
ğŸ’¬,speech_balloon,<U+0001F4AC>
ğŸ‘ï¸â€ğŸ—¨ï¸,eye_in_speech_bubble,<U+0001F441><U+FE0F><U+200D><U+0001F5E8><U+FE0F>
ğŸ—¨ï¸,left_speech_bubble,<U+0001F5E8><U+FE0F>
ğŸ—¯ï¸,right_anger_bubble,<U+0001F5EF><U+FE0F>
ğŸ’­,thought_balloon,<U+0001F4AD>
ğŸ’¤,zzz,<U+0001F4A4>
ğŸ‘‹,waving_hand,<U+0001F44B>
ğŸ¤š,raised_back_of_hand,<U+0001F91A>
ğŸ–ï¸,hand_with_fingers_splayed,<U+0001F590><U+FE0F>
âœ‹,raised_hand,<U+270B>
ğŸ––,vulcan_salute,<U+0001F596>
ğŸ‘Œ,ok_hand,<U+0001F44C>
ğŸ¤,pinching_hand,<U+0001F90F>
âœŒï¸,victory_hand,<U+270C><U+FE0F>
ğŸ¤,crossed_fingers,<U+0001F91E>
ğŸ¤Ÿ,love_you_gesture,<U+0001F91F>
ğŸ¤˜,sign_of_the_horns,<U+0001F918>
ğŸ¤™,call_me_hand,<U+0001F919>
ğŸ‘ˆ,backhand_index_pointing_left,<U+0001F448>
ğŸ‘‰,backhand_index_pointing_right,<U+0001F449>
ğŸ‘†,backhand_index_pointing_up,<U+0001F446>
ğŸ–•,middle_finger,<U+0001F595>
ğŸ‘‡,backhand_index_pointing_down,<U+0001F447>
â˜ï¸,index_pointing_up,<U+261D><U+FE0F>
ğŸ‘,thumbs_up,<U+0001F44D>
ğŸ‘,thumbs_down,<U+0001F44E>
âœŠ,raised_fist,<U+270A>
ğŸ‘Š,oncoming_fist,<U+0001F44A>
ğŸ¤›,left_facing_fist,<U+0001F91B>
ğŸ¤œ,right_facing_fist,<U+0001F91C>
ğŸ‘,clapping_hands,<U+0001F44F>
ğŸ™Œ,raising_hands,<U+0001F64C>
ğŸ‘,open_hands,<U+0001F450>
ğŸ¤²,palms_up_together,<U+0001F932>
ğŸ¤,handshake,<U+0001F91D>
ğŸ™,folded_hands,<U+0001F64F>
âœï¸,writing_hand,<U+270D><U+FE0F>
ğŸ’…,nail_polish,<U+0001F485>
ğŸ¤³,selfie,<U+0001F933>
ğŸ’ª,flexed_biceps,<U+0001F4AA>
ğŸ¦¾,mechanical_arm,<U+0001F9BE>
ğŸ¦¿,mechanical_leg,<U+0001F9BF>
ğŸ¦µ,leg,<U+0001F9B5>
ğŸ¦¶,foot,<U+0001F9B6>
ğŸ‘‚,ear,<U+0001F442>
ğŸ¦»,ear_with_hearing_aid,<U+0001F9BB>
ğŸ‘ƒ,nose,<U+0001F443>
ğŸ§ ,brain,<U+0001F9E0>
ğŸ¦·,tooth,<U+0001F9B7>
ğŸ¦´,bone,<U+0001F9B4>
ğŸ‘€,eyes,<U+0001F440>
ğŸ‘ï¸,eye,<U+0001F441><U+FE0F>
ğŸ‘…,tongue,<U+0001F445>
ğŸ‘„,mouth,<U+0001F444>
ğŸ‘¶,baby,<U+0001F476>
ğŸ§’,child,<U+0001F9D2>
ğŸ‘¦,boy,<U+0001F466>
ğŸ‘§,girl,<U+0001F467>
ğŸ§‘,person,<U+0001F9D1>
ğŸ‘±,person_blond_hair,<U+0001F471>
ğŸ‘¨,man,<U+0001F468>
ğŸ§”,man_beard,<U+0001F9D4>
ğŸ‘¨â€ğŸ¦°,man_red_hair,<U+0001F468><U+200D><U+0001F9B0>
ğŸ‘¨â€ğŸ¦±,man_curly_hair,<U+0001F468><U+200D><U+0001F9B1>
ğŸ‘¨â€ğŸ¦³,man_white_hair,<U+0001F468><U+200D><U+0001F9B3>
ğŸ‘¨â€ğŸ¦²,man_bald,<U+0001F468><U+200D><U+0001F9B2>
ğŸ‘©,woman,<U+0001F469>
ğŸ‘©â€ğŸ¦°,woman_red_hair,<U+0001F469><U+200D><U+0001F9B0>
ğŸ§‘â€ğŸ¦°,person_red_hair,<U+0001F9D1><U+200D><U+0001F9B0>
ğŸ‘©â€ğŸ¦±,woman_curly_hair,<U+0001F469><U+200D><U+0001F9B1>
ğŸ§‘â€ğŸ¦±,person_curly_hair,<U+0001F9D1><U+200D><U+0001F9B1>
ğŸ‘©â€ğŸ¦³,woman_white_hair,<U+0001F469><U+200D><U+0001F9B3>
ğŸ§‘â€ğŸ¦³,person_white_hair,<U+0001F9D1><U+200D><U+0001F9B3>
ğŸ‘©â€ğŸ¦²,woman_bald,<U+0001F469><U+200D><U+0001F9B2>
ğŸ§‘â€ğŸ¦²,person_bald,<U+0001F9D1><U+200D><U+0001F9B2>
ğŸ‘±â€â™€ï¸,woman_blond_hair,<U+0001F471><U+200D>+<U+FE0F>
ğŸ‘±â€â™‚ï¸,man_blond_hair,<U+0001F471><U+200D>><U+FE0F>
ğŸ§“,older_person,<U+0001F9D3>
ğŸ‘´,old_man,<U+0001F474>
ğŸ‘µ,old_woman,<U+0001F475>
ğŸ™,person_frowning,<U+0001F64D>
ğŸ™â€â™‚ï¸,man_frowning,<U+0001F64D><U+200D>><U+FE0F>
ğŸ™â€â™€ï¸,woman_frowning,<U+0001F64D><U+200D>+<U+FE0F>
ğŸ™,person_pouting,<U+0001F64E>
ğŸ™â€â™‚ï¸,man_pouting,<U+0001F64E><U+200D>><U+FE0F>
ğŸ™â€â™€ï¸,woman_pouting,<U+0001F64E><U+200D>+<U+FE0F>
ğŸ™…,person_gesturing_no,<U+0001F645>
ğŸ™…â€â™‚ï¸,man_gesturing_no,<U+0001F645><U+200D>><U+FE0F>
ğŸ™…â€â™€ï¸,woman_gesturing_no,<U+0001F645><U+200D>+<U+FE0F>
ğŸ™†,person_gesturing_ok,<U+0001F646>
ğŸ™†â€â™‚ï¸,man_gesturing_ok,<U+0001F646><U+200D>><U+FE0F>
ğŸ™†â€â™€ï¸,woman_gesturing_ok,<U+0001F646><U+200D>+<U+FE0F>
ğŸ’,person_tipping_hand,<U+0001F481>
ğŸ’â€â™‚ï¸,man_tipping_hand,<U+0001F481><U+200D>><U+FE0F>
ğŸ’â€â™€ï¸,woman_tipping_hand,<U+0001F481><U+200D>+<U+FE0F>
ğŸ™‹,person_raising_hand,<U+0001F64B>
ğŸ™‹â€â™‚ï¸,man_raising_hand,<U+0001F64B><U+200D>><U+FE0F>
ğŸ™‹â€â™€ï¸,woman_raising_hand,<U+0001F64B><U+200D>+<U+FE0F>
ğŸ§,deaf_person,<U+0001F9CF>
ğŸ§â€â™‚ï¸,deaf_man,<U+0001F9CF><U+200D>><U+FE0F>
ğŸ§â€â™€ï¸,deaf_woman,<U+0001F9CF><U+200D>+<U+FE0F>
ğŸ™‡,person_bowing,<U+0001F647>
ğŸ™‡â€â™‚ï¸,man_bowing,<U+0001F647><U+200D>><U+FE0F>
ğŸ™‡â€â™€ï¸,woman_bowing,<U+0001F647><U+200D>+<U+FE0F>
ğŸ¤¦,person_facepalming,<U+0001F926>
ğŸ¤¦â€â™‚ï¸,man_facepalming,<U+0001F926><U+200D>><U+FE0F>
ğŸ¤¦â€â™€ï¸,woman_facepalming,<U+0001F926><U+200D>+<U+FE0F>
ğŸ¤·,person_shrugging,<U+0001F937>
ğŸ¤·â€â™‚ï¸,man_shrugging,<U+0001F937><U+200D>><U+FE0F>
ğŸ¤·â€â™€ï¸,woman_shrugging,<U+0001F937><U+200D>+<U+FE0F>
ğŸ§‘â€âš•ï¸,health_worker,<U+0001F9D1><U+200D><U+2695><U+FE0F>
ğŸ‘¨â€âš•ï¸,man_health_worker,<U+0001F468><U+200D><U+2695><U+FE0F>
ğŸ‘©â€âš•ï¸,woman_health_worker,<U+0001F469><U+200D><U+2695><U+FE0F>
ğŸ§‘â€ğŸ“,student,<U+0001F9D1><U+200D><U+0001F393>
ğŸ‘¨â€ğŸ“,man_student,<U+0001F468><U+200D><U+0001F393>
ğŸ‘©â€ğŸ“,woman_student,<U+0001F469><U+200D><U+0001F393>
ğŸ§‘â€ğŸ«,teacher,<U+0001F9D1><U+200D><U+0001F3EB>
ğŸ‘¨â€ğŸ«,man_teacher,<U+0001F468><U+200D><U+0001F3EB>
ğŸ‘©â€ğŸ«,woman_teacher,<U+0001F469><U+200D><U+0001F3EB>
ğŸ§‘â€âš–ï¸,judge,<U+0001F9D1><U+200D><U+2696><U+FE0F>
ğŸ‘¨â€âš–ï¸,man_judge,<U+0001F468><U+200D><U+2696><U+FE0F>
ğŸ‘©â€âš–ï¸,woman_judge,<U+0001F469><U+200D><U+2696><U+FE0F>
ğŸ§‘â€ğŸŒ¾,farmer,<U+0001F9D1><U+200D><U+0001F33E>
ğŸ‘¨â€ğŸŒ¾,man_farmer,<U+0001F468><U+200D><U+0001F33E>
ğŸ‘©â€ğŸŒ¾,woman_farmer,<U+0001F469><U+200D><U+0001F33E>
ğŸ§‘â€ğŸ³,cook,<U+0001F9D1><U+200D><U+0001F373>
ğŸ‘¨â€ğŸ³,man_cook,<U+0001F468><U+200D><U+0001F373>
ğŸ‘©â€ğŸ³,woman_cook,<U+0001F469><U+200D><U+0001F373>
ğŸ§‘â€ğŸ”§,mechanic,<U+0001F9D1><U+200D><U+0001F527>
ğŸ‘¨â€ğŸ”§,man_mechanic,<U+0001F468><U+200D><U+0001F527>
ğŸ‘©â€ğŸ”§,woman_mechanic,<U+0001F469><U+200D><U+0001F527>
ğŸ§‘â€ğŸ­,factory_worker,<U+0001F9D1><U+200D><U+0001F3ED>
ğŸ‘¨â€ğŸ­,man_factory_worker,<U+0001F468><U+200D><U+0001F3ED>
ğŸ‘©â€ğŸ­,woman_factory_worker,<U+0001F469><U+200D><U+0001F3ED>
ğŸ§‘â€ğŸ’¼,office_worker,<U+0001F9D1><U+200D><U+0001F4BC>
ğŸ‘¨â€ğŸ’¼,man_office_worker,<U+0001F468><U+200D><U+0001F4BC>
ğŸ‘©â€ğŸ’¼,woman_office_worker,<U+0001F469><U+200D><U+0001F4BC>
ğŸ§‘â€ğŸ”¬,scientist,<U+0001F9D1><U+200D><U+0001F52C>
ğŸ‘¨â€ğŸ”¬,man_scientist,<U+0001F468><U+200D><U+0001F52C>
ğŸ‘©â€ğŸ”¬,woman_scientist,<U+0001F469><U+200D><U+0001F52C>
ğŸ§‘â€ğŸ’»,technologist,<U+0001F9D1><U+200D><U+0001F4BB>
ğŸ‘¨â€ğŸ’»,man_technologist,<U+0001F468><U+200D><U+0001F4BB>
ğŸ‘©â€ğŸ’»,woman_technologist,<U+0001F469><U+200D><U+0001F4BB>
ğŸ§‘â€ğŸ¤,singer,<U+0001F9D1><U+200D><U+0001F3A4>
ğŸ‘¨â€ğŸ¤,man_singer,<U+0001F468><U+200D><U+0001F3A4>
ğŸ‘©â€ğŸ¤,woman_singer,<U+0001F469><U+200D><U+0001F3A4>
ğŸ§‘â€ğŸ¨,artist,<U+0001F9D1><U+200D><U+0001F3A8>
ğŸ‘¨â€ğŸ¨,man_artist,<U+0001F468><U+200D><U+0001F3A8>
ğŸ‘©â€ğŸ¨,woman_artist,<U+0001F469><U+200D><U+0001F3A8>
ğŸ§‘â€âœˆï¸,pilot,<U+0001F9D1><U+200D><U+2708><U+FE0F>
ğŸ‘¨â€âœˆï¸,man_pilot,<U+0001F468><U+200D><U+2708><U+FE0F>
ğŸ‘©â€âœˆï¸,woman_pilot,<U+0001F469><U+200D><U+2708><U+FE0F>
ğŸ§‘â€ğŸš€,astronaut,<U+0001F9D1><U+200D><U+0001F680>
ğŸ‘¨â€ğŸš€,man_astronaut,<U+0001F468><U+200D><U+0001F680>
ğŸ‘©â€ğŸš€,woman_astronaut,<U+0001F469><U+200D><U+0001F680>
ğŸ§‘â€ğŸš’,firefighter,<U+0001F9D1><U+200D><U+0001F692>
ğŸ‘¨â€ğŸš’,man_firefighter,<U+0001F468><U+200D><U+0001F692>
ğŸ‘©â€ğŸš’,woman_firefighter,<U+0001F469><U+200D><U+0001F692>
ğŸ‘®,police_officer,<U+0001F46E>
ğŸ‘®â€â™‚ï¸,man_police_officer,<U+0001F46E><U+200D>><U+FE0F>
ğŸ‘®â€â™€ï¸,woman_police_officer,<U+0001F46E><U+200D>+<U+FE0F>
ğŸ•µï¸,detective,<U+0001F575><U+FE0F>
ğŸ•µï¸â€â™‚ï¸,man_detective,<U+0001F575><U+FE0F><U+200D>><U+FE0F>
ğŸ•µï¸â€â™€ï¸,woman_detective,<U+0001F575><U+FE0F><U+200D>+<U+FE0F>
ğŸ’‚,guard,<U+0001F482>
ğŸ’‚â€â™‚ï¸,man_guard,<U+0001F482><U+200D>><U+FE0F>
ğŸ’‚â€â™€ï¸,woman_guard,<U+0001F482><U+200D>+<U+FE0F>
ğŸ‘·,construction_worker,<U+0001F477>
ğŸ‘·â€â™‚ï¸,man_construction_worker,<U+0001F477><U+200D>><U+FE0F>
ğŸ‘·â€â™€ï¸,woman_construction_worker,<U+0001F477><U+200D>+<U+FE0F>
ğŸ¤´,prince,<U+0001F934>
ğŸ‘¸,princess,<U+0001F478>
ğŸ‘³,person_wearing_turban,<U+0001F473>
ğŸ‘³â€â™‚ï¸,man_wearing_turban,<U+0001F473><U+200D>><U+FE0F>
ğŸ‘³â€â™€ï¸,woman_wearing_turban,<U+0001F473><U+200D>+<U+FE0F>
ğŸ‘²,man_with_skullcap,<U+0001F472>
ğŸ§•,woman_with_headscarf,<U+0001F9D5>
ğŸ¤µ,man_in_tuxedo,<U+0001F935>
ğŸ‘°,bride_with_veil,<U+0001F470>
ğŸ¤°,pregnant_woman,<U+0001F930>
ğŸ¤±,breast_feeding,<U+0001F931>
ğŸ‘¼,baby_angel,<U+0001F47C>
ğŸ…,santa_claus,<U+0001F385>
ğŸ¤¶,mrs_claus,<U+0001F936>
ğŸ¦¸,superhero,<U+0001F9B8>
ğŸ¦¸â€â™‚ï¸,man_superhero,<U+0001F9B8><U+200D>><U+FE0F>
ğŸ¦¸â€â™€ï¸,woman_superhero,<U+0001F9B8><U+200D>+<U+FE0F>
ğŸ¦¹,supervillain,<U+0001F9B9>
ğŸ¦¹â€â™‚ï¸,man_supervillain,<U+0001F9B9><U+200D>><U+FE0F>
ğŸ¦¹â€â™€ï¸,woman_supervillain,<U+0001F9B9><U+200D>+<U+FE0F>
ğŸ§™,mage,<U+0001F9D9>
ğŸ§™â€â™‚ï¸,man_mage,<U+0001F9D9><U+200D>><U+FE0F>
ğŸ§™â€â™€ï¸,woman_mage,<U+0001F9D9><U+200D>+<U+FE0F>
ğŸ§š,fairy,<U+0001F9DA>
ğŸ§šâ€â™‚ï¸,man_fairy,<U+0001F9DA><U+200D>><U+FE0F>
ğŸ§šâ€â™€ï¸,woman_fairy,<U+0001F9DA><U+200D>+<U+FE0F>
ğŸ§›,vampire,<U+0001F9DB>
ğŸ§›â€â™‚ï¸,man_vampire,<U+0001F9DB><U+200D>><U+FE0F>
ğŸ§›â€â™€ï¸,woman_vampire,<U+0001F9DB><U+200D>+<U+FE0F>
ğŸ§œ,merperson,<U+0001F9DC>
ğŸ§œâ€â™‚ï¸,merman,<U+0001F9DC><U+200D>><U+FE0F>
ğŸ§œâ€â™€ï¸,mermaid,<U+0001F9DC><U+200D>+<U+FE0F>
ğŸ§,elf,<U+0001F9DD>
ğŸ§â€â™‚ï¸,man_elf,<U+0001F9DD><U+200D>><U+FE0F>
ğŸ§â€â™€ï¸,woman_elf,<U+0001F9DD><U+200D>+<U+FE0F>
ğŸ§,genie,<U+0001F9DE>
ğŸ§â€â™‚ï¸,man_genie,<U+0001F9DE><U+200D>><U+FE0F>
ğŸ§â€â™€ï¸,woman_genie,<U+0001F9DE><U+200D>+<U+FE0F>
ğŸ§Ÿ,zombie,<U+0001F9DF>
ğŸ§Ÿâ€â™‚ï¸,man_zombie,<U+0001F9DF><U+200D>><U+FE0F>
ğŸ§Ÿâ€â™€ï¸,woman_zombie,<U+0001F9DF><U+200D>+<U+FE0F>
ğŸ’†,person_getting_massage,<U+0001F486>
ğŸ’†â€â™‚ï¸,man_getting_massage,<U+0001F486><U+200D>><U+FE0F>
ğŸ’†â€â™€ï¸,woman_getting_massage,<U+0001F486><U+200D>+<U+FE0F>
ğŸ’‡,person_getting_haircut,<U+0001F487>
ğŸ’‡â€â™‚ï¸,man_getting_haircut,<U+0001F487><U+200D>><U+FE0F>
ğŸ’‡â€â™€ï¸,woman_getting_haircut,<U+0001F487><U+200D>+<U+FE0F>
ğŸš¶,person_walking,<U+0001F6B6>
ğŸš¶â€â™‚ï¸,man_walking,<U+0001F6B6><U+200D>><U+FE0F>
ğŸš¶â€â™€ï¸,woman_walking,<U+0001F6B6><U+200D>+<U+FE0F>
ğŸ§,person_standing,<U+0001F9CD>
ğŸ§â€â™‚ï¸,man_standing,<U+0001F9CD><U+200D>><U+FE0F>
ğŸ§â€â™€ï¸,woman_standing,<U+0001F9CD><U+200D>+<U+FE0F>
ğŸ§,person_kneeling,<U+0001F9CE>
ğŸ§â€â™‚ï¸,man_kneeling,<U+0001F9CE><U+200D>><U+FE0F>
ğŸ§â€â™€ï¸,woman_kneeling,<U+0001F9CE><U+200D>+<U+FE0F>
ğŸ§‘â€ğŸ¦¯,person_with_probing_cane,<U+0001F9D1><U+200D><U+0001F9AF>
ğŸ‘¨â€ğŸ¦¯,man_with_probing_cane,<U+0001F468><U+200D><U+0001F9AF>
ğŸ‘©â€ğŸ¦¯,woman_with_probing_cane,<U+0001F469><U+200D><U+0001F9AF>
ğŸ§‘â€ğŸ¦¼,person_in_motorized_wheelchair,<U+0001F9D1><U+200D><U+0001F9BC>
ğŸ‘¨â€ğŸ¦¼,man_in_motorized_wheelchair,<U+0001F468><U+200D><U+0001F9BC>
ğŸ‘©â€ğŸ¦¼,woman_in_motorized_wheelchair,<U+0001F469><U+200D><U+0001F9BC>
ğŸ§‘â€ğŸ¦½,person_in_manual_wheelchair,<U+0001F9D1><U+200D><U+0001F9BD>
ğŸ‘¨â€ğŸ¦½,man_in_manual_wheelchair,<U+0001F468><U+200D><U+0001F9BD>
ğŸ‘©â€ğŸ¦½,woman_in_manual_wheelchair,<U+0001F469><U+200D><U+0001F9BD>
ğŸƒ,person_running,<U+0001F3C3>
ğŸƒâ€â™‚ï¸,man_running,<U+0001F3C3><U+200D>><U+FE0F>
ğŸƒâ€â™€ï¸,woman_running,<U+0001F3C3><U+200D>+<U+FE0F>
ğŸ’ƒ,woman_dancing,<U+0001F483>
ğŸ•º,man_dancing,<U+0001F57A>
ğŸ•´ï¸,man_in_suit_levitating,<U+0001F574><U+FE0F>
ğŸ‘¯,people_with_bunny_ears,<U+0001F46F>
ğŸ‘¯â€â™‚ï¸,men_with_bunny_ears,<U+0001F46F><U+200D>><U+FE0F>
ğŸ‘¯â€â™€ï¸,women_with_bunny_ears,<U+0001F46F><U+200D>+<U+FE0F>
ğŸ§–,person_in_steamy_room,<U+0001F9D6>
ğŸ§–â€â™‚ï¸,man_in_steamy_room,<U+0001F9D6><U+200D>><U+FE0F>
ğŸ§–â€â™€ï¸,woman_in_steamy_room,<U+0001F9D6><U+200D>+<U+FE0F>
ğŸ§—,person_climbing,<U+0001F9D7>
ğŸ§—â€â™‚ï¸,man_climbing,<U+0001F9D7><U+200D>><U+FE0F>
ğŸ§—â€â™€ï¸,woman_climbing,<U+0001F9D7><U+200D>+<U+FE0F>
ğŸ¤º,person_fencing,<U+0001F93A>
ğŸ‡,horse_racing,<U+0001F3C7>
â›·ï¸,skier,<U+26F7><U+FE0F>
ğŸ‚,snowboarder,<U+0001F3C2>
ğŸŒï¸,person_golfing,<U+0001F3CC><U+FE0F>
ğŸŒï¸â€â™‚ï¸,man_golfing,<U+0001F3CC><U+FE0F><U+200D>><U+FE0F>
ğŸŒï¸â€â™€ï¸,woman_golfing,<U+0001F3CC><U+FE0F><U+200D>+<U+FE0F>
ğŸ„,person_surfing,<U+0001F3C4>
ğŸ„â€â™‚ï¸,man_surfing,<U+0001F3C4><U+200D>><U+FE0F>
ğŸ„â€â™€ï¸,woman_surfing,<U+0001F3C4><U+200D>+<U+FE0F>
ğŸš£,person_rowing_boat,<U+0001F6A3>
ğŸš£â€â™‚ï¸,man_rowing_boat,<U+0001F6A3><U+200D>><U+FE0F>
ğŸš£â€â™€ï¸,woman_rowing_boat,<U+0001F6A3><U+200D>+<U+FE0F>
ğŸŠ,person_swimming,<U+0001F3CA>
ğŸŠâ€â™‚ï¸,man_swimming,<U+0001F3CA><U+200D>><U+FE0F>
ğŸŠâ€â™€ï¸,woman_swimming,<U+0001F3CA><U+200D>+<U+FE0F>
â›¹ï¸,person_bouncing_ball,<U+26F9><U+FE0F>
â›¹ï¸â€â™‚ï¸,man_bouncing_ball,<U+26F9><U+FE0F><U+200D>><U+FE0F>
â›¹ï¸â€â™€ï¸,woman_bouncing_ball,<U+26F9><U+FE0F><U+200D>+<U+FE0F>
ğŸ‹ï¸,person_lifting_weights,<U+0001F3CB><U+FE0F>
ğŸ‹ï¸â€â™‚ï¸,man_lifting_weights,<U+0001F3CB><U+FE0F><U+200D>><U+FE0F>
ğŸ‹ï¸â€â™€ï¸,woman_lifting_weights,<U+0001F3CB><U+FE0F><U+200D>+<U+FE0F>
ğŸš´,person_biking,<U+0001F6B4>
ğŸš´â€â™‚ï¸,man_biking,<U+0001F6B4><U+200D>><U+FE0F>
ğŸš´â€â™€ï¸,woman_biking,<U+0001F6B4><U+200D>+<U+FE0F>
ğŸšµ,person_mountain_biking,<U+0001F6B5>
ğŸšµâ€â™‚ï¸,man_mountain_biking,<U+0001F6B5><U+200D>><U+FE0F>
ğŸšµâ€â™€ï¸,woman_mountain_biking,<U+0001F6B5><U+200D>+<U+FE0F>
ğŸ¤¸,person_cartwheeling,<U+0001F938>
ğŸ¤¸â€â™‚ï¸,man_cartwheeling,<U+0001F938><U+200D>><U+FE0F>
ğŸ¤¸â€â™€ï¸,woman_cartwheeling,<U+0001F938><U+200D>+<U+FE0F>
ğŸ¤¼,people_wrestling,<U+0001F93C>
ğŸ¤¼â€â™‚ï¸,men_wrestling,<U+0001F93C><U+200D>><U+FE0F>
ğŸ¤¼â€â™€ï¸,women_wrestling,<U+0001F93C><U+200D>+<U+FE0F>
ğŸ¤½,person_playing_water_polo,<U+0001F93D>
ğŸ¤½â€â™‚ï¸,man_playing_water_polo,<U+0001F93D><U+200D>><U+FE0F>
ğŸ¤½â€â™€ï¸,woman_playing_water_polo,<U+0001F93D><U+200D>+<U+FE0F>
ğŸ¤¾,person_playing_handball,<U+0001F93E>
ğŸ¤¾â€â™‚ï¸,man_playing_handball,<U+0001F93E><U+200D>><U+FE0F>
ğŸ¤¾â€â™€ï¸,woman_playing_handball,<U+0001F93E><U+200D>+<U+FE0F>
ğŸ¤¹,person_juggling,<U+0001F939>
ğŸ¤¹â€â™‚ï¸,man_juggling,<U+0001F939><U+200D>><U+FE0F>
ğŸ¤¹â€â™€ï¸,woman_juggling,<U+0001F939><U+200D>+<U+FE0F>
ğŸ§˜,person_in_lotus_position,<U+0001F9D8>
ğŸ§˜â€â™‚ï¸,man_in_lotus_position,<U+0001F9D8><U+200D>><U+FE0F>
ğŸ§˜â€â™€ï¸,woman_in_lotus_position,<U+0001F9D8><U+200D>+<U+FE0F>
ğŸ›€,person_taking_bath,<U+0001F6C0>
ğŸ›Œ,person_in_bed,<U+0001F6CC>
ğŸ§‘â€ğŸ¤â€ğŸ§‘,people_holding_hands,<U+0001F9D1><U+200D><U+0001F91D><U+200D><U+0001F9D1>
ğŸ‘­,women_holding_hands,<U+0001F46D>
ğŸ‘«,woman_and_man_holding_hands,<U+0001F46B>
ğŸ‘¬,men_holding_hands,<U+0001F46C>
ğŸ’,kiss,<U+0001F48F>
ğŸ‘©â€â¤ï¸â€ğŸ’‹â€ğŸ‘¨,kiss_woman_man,<U+0001F469><U+200D><U+2764><U+FE0F><U+200D><U+0001F48B><U+200D><U+0001F468>
ğŸ‘¨â€â¤ï¸â€ğŸ’‹â€ğŸ‘¨,kiss_man_man,<U+0001F468><U+200D><U+2764><U+FE0F><U+200D><U+0001F48B><U+200D><U+0001F468>
ğŸ‘©â€â¤ï¸â€ğŸ’‹â€ğŸ‘©,kiss_woman_woman,<U+0001F469><U+200D><U+2764><U+FE0F><U+200D><U+0001F48B><U+200D><U+0001F469>
ğŸ’‘,couple_with_heart,<U+0001F491>
ğŸ‘©â€â¤ï¸â€ğŸ‘¨,couple_with_heart_woman_man,<U+0001F469><U+200D><U+2764><U+FE0F><U+200D><U+0001F468>
ğŸ‘¨â€â¤ï¸â€ğŸ‘¨,couple_with_heart_man_man,<U+0001F468><U+200D><U+2764><U+FE0F><U+200D><U+0001F468>
ğŸ‘©â€â¤ï¸â€ğŸ‘©,couple_with_heart_woman_woman,<U+0001F469><U+200D><U+2764><U+FE0F><U+200D><U+0001F469>
ğŸ‘ª,family,<U+0001F46A>
ğŸ‘¨â€ğŸ‘©â€ğŸ‘¦,family_man_woman_boy,<U+0001F468><U+200D><U+0001F469><U+200D><U+0001F466>
ğŸ‘¨â€ğŸ‘©â€ğŸ‘§,family_man_woman_girl,<U+0001F468><U+200D><U+0001F469><U+200D><U+0001F467>
ğŸ‘¨â€ğŸ‘©â€ğŸ‘§â€ğŸ‘¦,family_man_woman_girl_boy,<U+0001F468><U+200D><U+0001F469><U+200D><U+0001F467><U+200D><U+0001F466>
ğŸ‘¨â€ğŸ‘©â€ğŸ‘¦â€ğŸ‘¦,family_man_woman_boy_boy,<U+0001F468><U+200D><U+0001F469><U+200D><U+0001F466><U+200D><U+0001F466>
ğŸ‘¨â€ğŸ‘©â€ğŸ‘§â€ğŸ‘§,family_man_woman_girl_girl,<U+0001F468><U+200D><U+0001F469><U+200D><U+0001F467><U+200D><U+0001F467>
ğŸ‘¨â€ğŸ‘¨â€ğŸ‘¦,family_man_man_boy,<U+0001F468><U+200D><U+0001F468><U+200D><U+0001F466>
ğŸ‘¨â€ğŸ‘¨â€ğŸ‘§,family_man_man_girl,<U+0001F468><U+200D><U+0001F468><U+200D><U+0001F467>
ğŸ‘¨â€ğŸ‘¨â€ğŸ‘§â€ğŸ‘¦,family_man_man_girl_boy,<U+0001F468><U+200D><U+0001F468><U+200D><U+0001F467><U+200D><U+0001F466>
ğŸ‘¨â€ğŸ‘¨â€ğŸ‘¦â€ğŸ‘¦,family_man_man_boy_boy,<U+0001F468><U+200D><U+0001F468><U+200D><U+0001F466><U+200D><U+0001F466>
ğŸ‘¨â€ğŸ‘¨â€ğŸ‘§â€ğŸ‘§,family_man_man_girl_girl,<U+0001F468><U+200D><U+0001F468><U+200D><U+0001F467><U+200D><U+0001F467>
ğŸ‘©â€ğŸ‘©â€ğŸ‘¦,family_woman_woman_boy,<U+0001F469><U+200D><U+0001F469><U+200D><U+0001F466>
ğŸ‘©â€ğŸ‘©â€ğŸ‘§,family_woman_woman_girl,<U+0001F469><U+200D><U+0001F469><U+200D><U+0001F467>
ğŸ‘©â€ğŸ‘©â€ğŸ‘§â€ğŸ‘¦,family_woman_woman_girl_boy,<U+0001F469><U+200D><U+0001F469><U+200D><U+0001F467><U+200D><U+0001F466>
ğŸ‘©â€ğŸ‘©â€ğŸ‘¦â€ğŸ‘¦,family_woman_woman_boy_boy,<U+0001F469><U+200D><U+0001F469><U+200D><U+0001F466><U+200D><U+0001F466>
ğŸ‘©â€ğŸ‘©â€ğŸ‘§â€ğŸ‘§,family_woman_woman_girl_girl,<U+0001F469><U+200D><U+0001F469><U+200D><U+0001F467><U+200D><U+0001F467>
ğŸ‘¨â€ğŸ‘¦,family_man_boy,<U+0001F468><U+200D><U+0001F466>
ğŸ‘¨â€ğŸ‘¦â€ğŸ‘¦,family_man_boy_boy,<U+0001F468><U+200D><U+0001F466><U+200D><U+0001F466>
ğŸ‘¨â€ğŸ‘§,family_man_girl,<U+0001F468><U+200D><U+0001F467>
ğŸ‘¨â€ğŸ‘§â€ğŸ‘¦,family_man_girl_boy,<U+0001F468><U+200D><U+0001F467><U+200D><U+0001F466>
ğŸ‘¨â€ğŸ‘§â€ğŸ‘§,family_man_girl_girl,<U+0001F468><U+200D><U+0001F467><U+200D><U+0001F467>
ğŸ‘©â€ğŸ‘¦,family_woman_boy,<U+0001F469><U+200D><U+0001F466>
ğŸ‘©â€ğŸ‘¦â€ğŸ‘¦,family_woman_boy_boy,<U+0001F469><U+200D><U+0001F466><U+200D><U+0001F466>
ğŸ‘©â€ğŸ‘§,family_woman_girl,<U+0001F469><U+200D><U+0001F467>
ğŸ‘©â€ğŸ‘§â€ğŸ‘¦,family_woman_girl_boy,<U+0001F469><U+200D><U+0001F467><U+200D><U+0001F466>
ğŸ‘©â€ğŸ‘§â€ğŸ‘§,family_woman_girl_girl,<U+0001F469><U+200D><U+0001F467><U+200D><U+0001F467>
ğŸ—£ï¸,speaking_head,<U+0001F5E3><U+FE0F>
ğŸ‘¤,bust_in_silhouette,<U+0001F464>
ğŸ‘¥,busts_in_silhouette,<U+0001F465>
ğŸ‘£,footprints,<U+0001F463>
ğŸµ,monkey_face,<U+0001F435>
ğŸ’,monkey,<U+0001F412>
ğŸ¦,gorilla,<U+0001F98D>
ğŸ¦§,orangutan,<U+0001F9A7>
ğŸ¶,dog_face,<U+0001F436>
ğŸ•,dog,<U+0001F415>
ğŸ¦®,guide_dog,<U+0001F9AE>
ğŸ•â€ğŸ¦º,service_dog,<U+0001F415><U+200D><U+0001F9BA>
ğŸ©,poodle,<U+0001F429>
ğŸº,wolf,<U+0001F43A>
ğŸ¦Š,fox,<U+0001F98A>
ğŸ¦,raccoon,<U+0001F99D>
ğŸ±,cat_face,<U+0001F431>
ğŸˆ,cat,<U+0001F408>
ğŸ¦,lion,<U+0001F981>
ğŸ¯,tiger_face,<U+0001F42F>
ğŸ…,tiger,<U+0001F405>
ğŸ†,leopard,<U+0001F406>
ğŸ´,horse_face,<U+0001F434>
ğŸ,horse,<U+0001F40E>
ğŸ¦„,unicorn,<U+0001F984>
ğŸ¦“,zebra,<U+0001F993>
ğŸ¦Œ,deer,<U+0001F98C>
ğŸ®,cow_face,<U+0001F42E>
ğŸ‚,ox,<U+0001F402>
ğŸƒ,water_buffalo,<U+0001F403>
ğŸ„,cow,<U+0001F404>
ğŸ·,pig_face,<U+0001F437>
ğŸ–,pig,<U+0001F416>
ğŸ—,boar,<U+0001F417>
ğŸ½,pig_nose,<U+0001F43D>
ğŸ,ram,<U+0001F40F>
ğŸ‘,ewe,<U+0001F411>
ğŸ,goat,<U+0001F410>
ğŸª,camel,<U+0001F42A>
ğŸ«,two_hump_camel,<U+0001F42B>
ğŸ¦™,llama,<U+0001F999>
ğŸ¦’,giraffe,<U+0001F992>
ğŸ˜,elephant,<U+0001F418>
ğŸ¦,rhinoceros,<U+0001F98F>
ğŸ¦›,hippopotamus,<U+0001F99B>
ğŸ­,mouse_face,<U+0001F42D>
ğŸ,mouse,<U+0001F401>
ğŸ€,rat,<U+0001F400>
ğŸ¹,hamster,<U+0001F439>
ğŸ°,rabbit_face,<U+0001F430>
ğŸ‡,rabbit,<U+0001F407>
ğŸ¿ï¸,chipmunk,<U+0001F43F><U+FE0F>
ğŸ¦”,hedgehog,<U+0001F994>
ğŸ¦‡,bat,<U+0001F987>
ğŸ»,bear,<U+0001F43B>
ğŸ¨,koala,<U+0001F428>
ğŸ¼,panda,<U+0001F43C>
ğŸ¦¥,sloth,<U+0001F9A5>
ğŸ¦¦,otter,<U+0001F9A6>
ğŸ¦¨,skunk,<U+0001F9A8>
ğŸ¦˜,kangaroo,<U+0001F998>
ğŸ¦¡,badger,<U+0001F9A1>
ğŸ¾,paw_prints,<U+0001F43E>
ğŸ¦ƒ,turkey,<U+0001F983>
ğŸ”,chicken,<U+0001F414>
ğŸ“,rooster,<U+0001F413>
ğŸ£,hatching_chick,<U+0001F423>
ğŸ¤,baby_chick,<U+0001F424>
ğŸ¥,front_facing_baby_chick,<U+0001F425>
ğŸ¦,bird,<U+0001F426>
ğŸ§,penguin,<U+0001F427>
ğŸ•Šï¸,dove,<U+0001F54A><U+FE0F>
ğŸ¦…,eagle,<U+0001F985>
ğŸ¦†,duck,<U+0001F986>
ğŸ¦¢,swan,<U+0001F9A2>
ğŸ¦‰,owl,<U+0001F989>
ğŸ¦©,flamingo,<U+0001F9A9>
ğŸ¦š,peacock,<U+0001F99A>
ğŸ¦œ,parrot,<U+0001F99C>
ğŸ¸,frog,<U+0001F438>
ğŸŠ,crocodile,<U+0001F40A>
ğŸ¢,turtle,<U+0001F422>
ğŸ¦,lizard,<U+0001F98E>
ğŸ,snake,<U+0001F40D>
ğŸ²,dragon_face,<U+0001F432>
ğŸ‰,dragon,<U+0001F409>
ğŸ¦•,sauropod,<U+0001F995>
ğŸ¦–,t_rex,<U+0001F996>
ğŸ³,spouting_whale,<U+0001F433>
ğŸ‹,whale,<U+0001F40B>
ğŸ¬,dolphin,<U+0001F42C>
ğŸŸ,fish,<U+0001F41F>
ğŸ ,tropical_fish,<U+0001F420>
ğŸ¡,blowfish,<U+0001F421>
ğŸ¦ˆ,shark,<U+0001F988>
ğŸ™,octopus,<U+0001F419>
ğŸš,spiral_shell,<U+0001F41A>
ğŸŒ,snail,<U+0001F40C>
ğŸ¦‹,butterfly,<U+0001F98B>
ğŸ›,bug,<U+0001F41B>
ğŸœ,ant,<U+0001F41C>
ğŸ,honeybee,<U+0001F41D>
ğŸ,lady_beetle,<U+0001F41E>
ğŸ¦—,cricket,<U+0001F997>
ğŸ•·ï¸,spider,<U+0001F577><U+FE0F>
ğŸ•¸ï¸,spider_web,<U+0001F578><U+FE0F>
ğŸ¦‚,scorpion,<U+0001F982>
ğŸ¦Ÿ,mosquito,<U+0001F99F>
ğŸ¦ ,microbe,<U+0001F9A0>
ğŸ’,bouquet,<U+0001F490>
ğŸŒ¸,cherry_blossom,<U+0001F338>
ğŸ’®,white_flower,<U+0001F4AE>
ğŸµï¸,rosette,<U+0001F3F5><U+FE0F>
ğŸŒ¹,rose,<U+0001F339>
ğŸ¥€,wilted_flower,<U+0001F940>
ğŸŒº,hibiscus,<U+0001F33A>
ğŸŒ»,sunflower,<U+0001F33B>
ğŸŒ¼,blossom,<U+0001F33C>
ğŸŒ·,tulip,<U+0001F337>
ğŸŒ±,seedling,<U+0001F331>
ğŸŒ²,evergreen_tree,<U+0001F332>
ğŸŒ³,deciduous_tree,<U+0001F333>
ğŸŒ´,palm_tree,<U+0001F334>
ğŸŒµ,cactus,<U+0001F335>
ğŸŒ¾,sheaf_of_rice,<U+0001F33E>
ğŸŒ¿,herb,<U+0001F33F>
â˜˜ï¸,shamrock,<U+2618><U+FE0F>
ğŸ€,four_leaf_clover,<U+0001F340>
ğŸ,maple_leaf,<U+0001F341>
ğŸ‚,fallen_leaf,<U+0001F342>
ğŸƒ,leaf_fluttering_in_wind,<U+0001F343>
ğŸ‡,grapes,<U+0001F347>
ğŸˆ,melon,<U+0001F348>
ğŸ‰,watermelon,<U+0001F349>
ğŸŠ,tangerine,<U+0001F34A>
ğŸ‹,lemon,<U+0001F34B>
ğŸŒ,banana,<U+0001F34C>
ğŸ,pineapple,<U+0001F34D>
ğŸ¥­,mango,<U+0001F96D>
ğŸ,red_apple,<U+0001F34E>
ğŸ,green_apple,<U+0001F34F>
ğŸ,pear,<U+0001F350>
ğŸ‘,peach,<U+0001F351>
ğŸ’,cherries,<U+0001F352>
ğŸ“,strawberry,<U+0001F353>
ğŸ¥,kiwi_fruit,<U+0001F95D>
ğŸ…,tomato,<U+0001F345>
ğŸ¥¥,coconut,<U+0001F965>
ğŸ¥‘,avocado,<U+0001F951>
ğŸ†,eggplant,<U+0001F346>
ğŸ¥”,potato,<U+0001F954>
ğŸ¥•,carrot,<U+0001F955>
ğŸŒ½,ear_of_corn,<U+0001F33D>
ğŸŒ¶ï¸,hot_pepper,<U+0001F336><U+FE0F>
ğŸ¥’,cucumber,<U+0001F952>
ğŸ¥¬,leafy_green,<U+0001F96C>
ğŸ¥¦,broccoli,<U+0001F966>
ğŸ§„,garlic,<U+0001F9C4>
ğŸ§…,onion,<U+0001F9C5>
ğŸ„,mushroom,<U+0001F344>
ğŸ¥œ,peanuts,<U+0001F95C>
ğŸŒ°,chestnut,<U+0001F330>
ğŸ,bread,<U+0001F35E>
ğŸ¥,croissant,<U+0001F950>
ğŸ¥–,baguette_bread,<U+0001F956>
ğŸ¥¨,pretzel,<U+0001F968>
ğŸ¥¯,bagel,<U+0001F96F>
ğŸ¥,pancakes,<U+0001F95E>
ğŸ§‡,waffle,<U+0001F9C7>
ğŸ§€,cheese_wedge,<U+0001F9C0>
ğŸ–,meat_on_bone,<U+0001F356>
ğŸ—,poultry_leg,<U+0001F357>
ğŸ¥©,cut_of_meat,<U+0001F969>
ğŸ¥“,bacon,<U+0001F953>
ğŸ”,hamburger,<U+0001F354>
ğŸŸ,french_fries,<U+0001F35F>
ğŸ•,pizza,<U+0001F355>
ğŸŒ­,hot_dog,<U+0001F32D>
ğŸ¥ª,sandwich,<U+0001F96A>
ğŸŒ®,taco,<U+0001F32E>
ğŸŒ¯,burrito,<U+0001F32F>
ğŸ¥™,stuffed_flatbread,<U+0001F959>
ğŸ§†,falafel,<U+0001F9C6>
ğŸ¥š,egg,<U+0001F95A>
ğŸ³,cooking,<U+0001F373>
ğŸ¥˜,shallow_pan_of_food,<U+0001F958>
ğŸ²,pot_of_food,<U+0001F372>
ğŸ¥£,bowl_with_spoon,<U+0001F963>
ğŸ¥—,green_salad,<U+0001F957>
ğŸ¿,popcorn,<U+0001F37F>
ğŸ§ˆ,butter,<U+0001F9C8>
ğŸ§‚,salt,<U+0001F9C2>
ğŸ¥«,canned_food,<U+0001F96B>
ğŸ±,bento_box,<U+0001F371>
ğŸ˜,rice_cracker,<U+0001F358>
ğŸ™,rice_ball,<U+0001F359>
ğŸš,cooked_rice,<U+0001F35A>
ğŸ›,curry_rice,<U+0001F35B>
ğŸœ,steaming_bowl,<U+0001F35C>
ğŸ,spaghetti,<U+0001F35D>
ğŸ ,roasted_sweet_potato,<U+0001F360>
ğŸ¢,oden,<U+0001F362>
ğŸ£,sushi,<U+0001F363>
ğŸ¤,fried_shrimp,<U+0001F364>
ğŸ¥,fish_cake_with_swirl,<U+0001F365>
ğŸ¥®,moon_cake,<U+0001F96E>
ğŸ¡,dango,<U+0001F361>
ğŸ¥Ÿ,dumpling,<U+0001F95F>
ğŸ¥ ,fortune_cookie,<U+0001F960>
ğŸ¥¡,takeout_box,<U+0001F961>
ğŸ¦€,crab,<U+0001F980>
ğŸ¦,lobster,<U+0001F99E>
ğŸ¦,shrimp,<U+0001F990>
ğŸ¦‘,squid,<U+0001F991>
ğŸ¦ª,oyster,<U+0001F9AA>
ğŸ¦,soft_ice_cream,<U+0001F366>
ğŸ§,shaved_ice,<U+0001F367>
ğŸ¨,ice_cream,<U+0001F368>
ğŸ©,doughnut,<U+0001F369>
ğŸª,cookie,<U+0001F36A>
ğŸ‚,birthday_cake,<U+0001F382>
ğŸ°,shortcake,<U+0001F370>
ğŸ§,cupcake,<U+0001F9C1>
ğŸ¥§,pie,<U+0001F967>
ğŸ«,chocolate_bar,<U+0001F36B>
ğŸ¬,candy,<U+0001F36C>
ğŸ­,lollipop,<U+0001F36D>
ğŸ®,custard,<U+0001F36E>
ğŸ¯,honey_pot,<U+0001F36F>
ğŸ¼,baby_bottle,<U+0001F37C>
ğŸ¥›,glass_of_milk,<U+0001F95B>
â˜•,hot_beverage,<U+2615>
ğŸµ,teacup_without_handle,<U+0001F375>
ğŸ¶,sake,<U+0001F376>
ğŸ¾,bottle_with_popping_cork,<U+0001F37E>
ğŸ·,wine_glass,<U+0001F377>
ğŸ¸,cocktail_glass,<U+0001F378>
ğŸ¹,tropical_drink,<U+0001F379>
ğŸº,beer_mug,<U+0001F37A>
ğŸ»,clinking_beer_mugs,<U+0001F37B>
ğŸ¥‚,clinking_glasses,<U+0001F942>
ğŸ¥ƒ,tumbler_glass,<U+0001F943>
ğŸ¥¤,cup_with_straw,<U+0001F964>
ğŸ§ƒ,beverage_box,<U+0001F9C3>
ğŸ§‰,mate,<U+0001F9C9>
ğŸ§Š,ice,<U+0001F9CA>
ğŸ¥¢,chopsticks,<U+0001F962>
ğŸ½ï¸,fork_and_knife_with_plate,<U+0001F37D><U+FE0F>
ğŸ´,fork_and_knife,<U+0001F374>
ğŸ¥„,spoon,<U+0001F944>
ğŸ”ª,kitchen_knife,<U+0001F52A>
ğŸº,amphora,<U+0001F3FA>
ğŸŒ,globe_showing_europe_africa,<U+0001F30D>
ğŸŒ,globe_showing_americas,<U+0001F30E>
ğŸŒ,globe_showing_asia_australia,<U+0001F30F>
ğŸŒ,globe_with_meridians,<U+0001F310>
ğŸ—ºï¸,world_map,<U+0001F5FA><U+FE0F>
ğŸ—¾,map_of_japan,<U+0001F5FE>
ğŸ§­,compass,<U+0001F9ED>
ğŸ”ï¸,snow_capped_mountain,<U+0001F3D4><U+FE0F>
â›°ï¸,mountain,<U+26F0><U+FE0F>
ğŸŒ‹,volcano,<U+0001F30B>
ğŸ—»,mount_fuji,<U+0001F5FB>
ğŸ•ï¸,camping,<U+0001F3D5><U+FE0F>
ğŸ–ï¸,beach_with_umbrella,<U+0001F3D6><U+FE0F>
ğŸœï¸,desert,<U+0001F3DC><U+FE0F>
ğŸï¸,desert_island,<U+0001F3DD><U+FE0F>
ğŸï¸,national_park,<U+0001F3DE><U+FE0F>
ğŸŸï¸,stadium,<U+0001F3DF><U+FE0F>
ğŸ›ï¸,classical_building,<U+0001F3DB><U+FE0F>
ğŸ—ï¸,building_construction,<U+0001F3D7><U+FE0F>
ğŸ§±,brick,<U+0001F9F1>
ğŸ˜ï¸,houses,<U+0001F3D8><U+FE0F>
ğŸšï¸,derelict_house,<U+0001F3DA><U+FE0F>
ğŸ ,house,<U+0001F3E0>
ğŸ¡,house_with_garden,<U+0001F3E1>
ğŸ¢,office_building,<U+0001F3E2>
ğŸ£,japanese_post_office,<U+0001F3E3>
ğŸ¤,post_office,<U+0001F3E4>
ğŸ¥,hospital,<U+0001F3E5>
ğŸ¦,bank,<U+0001F3E6>
ğŸ¨,hotel,<U+0001F3E8>
ğŸ©,love_hotel,<U+0001F3E9>
ğŸª,convenience_store,<U+0001F3EA>
ğŸ«,school,<U+0001F3EB>
ğŸ¬,department_store,<U+0001F3EC>
ğŸ­,factory,<U+0001F3ED>
ğŸ¯,japanese_castle,<U+0001F3EF>
ğŸ°,castle,<U+0001F3F0>
ğŸ’’,wedding,<U+0001F492>
ğŸ—¼,tokyo_tower,<U+0001F5FC>
ğŸ—½,statue_of_liberty,<U+0001F5FD>
â›ª,church,<U+26EA>
ğŸ•Œ,mosque,<U+0001F54C>
ğŸ›•,hindu_temple,<U+0001F6D5>
ğŸ•,synagogue,<U+0001F54D>
â›©ï¸,shinto_shrine,<U+26E9><U+FE0F>
ğŸ•‹,kaaba,<U+0001F54B>
â›²,fountain,<U+26F2>
â›º,tent,<U+26FA>
ğŸŒ,foggy,<U+0001F301>
ğŸŒƒ,night_with_stars,<U+0001F303>
ğŸ™ï¸,cityscape,<U+0001F3D9><U+FE0F>
ğŸŒ„,sunrise_over_mountains,<U+0001F304>
ğŸŒ…,sunrise,<U+0001F305>
ğŸŒ†,cityscape_at_dusk,<U+0001F306>
ğŸŒ‡,sunset,<U+0001F307>
ğŸŒ‰,bridge_at_night,<U+0001F309>
â™¨ï¸,hot_springs,<U+2668><U+FE0F>
ğŸ ,carousel_horse,<U+0001F3A0>
ğŸ¡,ferris_wheel,<U+0001F3A1>
ğŸ¢,roller_coaster,<U+0001F3A2>
ğŸ’ˆ,barber_pole,<U+0001F488>
ğŸª,circus_tent,<U+0001F3AA>
ğŸš‚,locomotive,<U+0001F682>
ğŸšƒ,railway_car,<U+0001F683>
ğŸš„,high_speed_train,<U+0001F684>
ğŸš…,bullet_train,<U+0001F685>
ğŸš†,train,<U+0001F686>
ğŸš‡,metro,<U+0001F687>
ğŸšˆ,light_rail,<U+0001F688>
ğŸš‰,station,<U+0001F689>
ğŸšŠ,tram,<U+0001F68A>
ğŸš,monorail,<U+0001F69D>
ğŸš,mountain_railway,<U+0001F69E>
ğŸš‹,tram_car,<U+0001F68B>
ğŸšŒ,bus,<U+0001F68C>
ğŸš,oncoming_bus,<U+0001F68D>
ğŸš,trolleybus,<U+0001F68E>
ğŸš,minibus,<U+0001F690>
ğŸš‘,ambulance,<U+0001F691>
ğŸš’,fire_engine,<U+0001F692>
ğŸš“,police_car,<U+0001F693>
ğŸš”,oncoming_police_car,<U+0001F694>
ğŸš•,taxi,<U+0001F695>
ğŸš–,oncoming_taxi,<U+0001F696>
ğŸš—,automobile,<U+0001F697>
ğŸš˜,oncoming_automobile,<U+0001F698>
ğŸš™,sport_utility_vehicle,<U+0001F699>
ğŸšš,delivery_truck,<U+0001F69A>
ğŸš›,articulated_lorry,<U+0001F69B>
ğŸšœ,tractor,<U+0001F69C>
ğŸï¸,racing_car,<U+0001F3CE><U+FE0F>
ğŸï¸,motorcycle,<U+0001F3CD><U+FE0F>
ğŸ›µ,motor_scooter,<U+0001F6F5>
ğŸ¦½,manual_wheelchair,<U+0001F9BD>
ğŸ¦¼,motorized_wheelchair,<U+0001F9BC>
ğŸ›º,auto_rickshaw,<U+0001F6FA>
ğŸš²,bicycle,<U+0001F6B2>
ğŸ›´,kick_scooter,<U+0001F6F4>
ğŸ›¹,skateboard,<U+0001F6F9>
ğŸš,bus_stop,<U+0001F68F>
ğŸ›£ï¸,motorway,<U+0001F6E3><U+FE0F>
ğŸ›¤ï¸,railway_track,<U+0001F6E4><U+FE0F>
ğŸ›¢ï¸,oil_drum,<U+0001F6E2><U+FE0F>
â›½,fuel_pump,<U+26FD>
ğŸš¨,police_car_light,<U+0001F6A8>
ğŸš¥,horizontal_traffic_light,<U+0001F6A5>
ğŸš¦,vertical_traffic_light,<U+0001F6A6>
ğŸ›‘,stop_sign,<U+0001F6D1>
ğŸš§,construction,<U+0001F6A7>
âš“,anchor,<U+2693>
â›µ,sailboat,<U+26F5>
ğŸ›¶,canoe,<U+0001F6F6>
ğŸš¤,speedboat,<U+0001F6A4>
ğŸ›³ï¸,passenger_ship,<U+0001F6F3><U+FE0F>
â›´ï¸,ferry,<U+26F4><U+FE0F>
ğŸ›¥ï¸,motor_boat,<U+0001F6E5><U+FE0F>
ğŸš¢,ship,<U+0001F6A2>
âœˆï¸,airplane,<U+2708><U+FE0F>
ğŸ›©ï¸,small_airplane,<U+0001F6E9><U+FE0F>
ğŸ›«,airplane_departure,<U+0001F6EB>
ğŸ›¬,airplane_arrival,<U+0001F6EC>
ğŸª‚,parachute,<U+0001FA82>
ğŸ’º,seat,<U+0001F4BA>
ğŸš,helicopter,<U+0001F681>
ğŸšŸ,suspension_railway,<U+0001F69F>
ğŸš ,mountain_cableway,<U+0001F6A0>
ğŸš¡,aerial_tramway,<U+0001F6A1>
ğŸ›°ï¸,satellite,<U+0001F6F0><U+FE0F>
ğŸš€,rocket,<U+0001F680>
ğŸ›¸,flying_saucer,<U+0001F6F8>
ğŸ›ï¸,bellhop_bell,<U+0001F6CE><U+FE0F>
ğŸ§³,luggage,<U+0001F9F3>
âŒ›,hourglass_done,<U+231B>
â³,hourglass_not_done,<U+23F3>
âŒš,watch,<U+231A>
â°,alarm_clock,<U+23F0>
â±ï¸,stopwatch,<U+23F1><U+FE0F>
â²ï¸,timer_clock,<U+23F2><U+FE0F>
ğŸ•°ï¸,mantelpiece_clock,<U+0001F570><U+FE0F>
ğŸ•›,twelve_o_clock,<U+0001F55B>
ğŸ•§,twelve_thirty,<U+0001F567>
ğŸ•,one_o_clock,<U+0001F550>
ğŸ•œ,one_thirty,<U+0001F55C>
ğŸ•‘,two_o_clock,<U+0001F551>
ğŸ•,two_thirty,<U+0001F55D>
ğŸ•’,three_o_clock,<U+0001F552>
ğŸ•,three_thirty,<U+0001F55E>
ğŸ•“,four_o_clock,<U+0001F553>
ğŸ•Ÿ,four_thirty,<U+0001F55F>
ğŸ•”,five_o_clock,<U+0001F554>
ğŸ• ,five_thirty,<U+0001F560>
ğŸ••,six_o_clock,<U+0001F555>
ğŸ•¡,six_thirty,<U+0001F561>
ğŸ•–,seven_o_clock,<U+0001F556>
ğŸ•¢,seven_thirty,<U+0001F562>
ğŸ•—,eight_o_clock,<U+0001F557>
ğŸ•£,eight_thirty,<U+0001F563>
ğŸ•˜,nine_o_clock,<U+0001F558>
ğŸ•¤,nine_thirty,<U+0001F564>
ğŸ•™,ten_o_clock,<U+0001F559>
ğŸ•¥,ten_thirty,<U+0001F565>
ğŸ•š,eleven_o_clock,<U+0001F55A>
ğŸ•¦,eleven_thirty,<U+0001F566>
ğŸŒ‘,new_moon,<U+0001F311>
ğŸŒ’,waxing_crescent_moon,<U+0001F312>
ğŸŒ“,first_quarter_moon,<U+0001F313>
ğŸŒ”,waxing_gibbous_moon,<U+0001F314>
ğŸŒ•,full_moon,<U+0001F315>
ğŸŒ–,waning_gibbous_moon,<U+0001F316>
ğŸŒ—,last_quarter_moon,<U+0001F317>
ğŸŒ˜,waning_crescent_moon,<U+0001F318>
ğŸŒ™,crescent_moon,<U+0001F319>
ğŸŒš,new_moon_face,<U+0001F31A>
ğŸŒ›,first_quarter_moon_face,<U+0001F31B>
ğŸŒœ,last_quarter_moon_face,<U+0001F31C>
ğŸŒ¡ï¸,thermometer,<U+0001F321><U+FE0F>
â˜€ï¸,sun,<U+2600><U+FE0F>
ğŸŒ,full_moon_face,<U+0001F31D>
ğŸŒ,sun_with_face,<U+0001F31E>
ğŸª,ringed_planet,<U+0001FA90>
â­,star,<U+2B50>
ğŸŒŸ,glowing_star,<U+0001F31F>
ğŸŒ ,shooting_star,<U+0001F320>
ğŸŒŒ,milky_way,<U+0001F30C>
â˜ï¸,cloud,<U+2601><U+FE0F>
â›…,sun_behind_cloud,<U+26C5>
â›ˆï¸,cloud_with_lightning_and_rain,<U+26C8><U+FE0F>
ğŸŒ¤ï¸,sun_behind_small_cloud,<U+0001F324><U+FE0F>
ğŸŒ¥ï¸,sun_behind_large_cloud,<U+0001F325><U+FE0F>
ğŸŒ¦ï¸,sun_behind_rain_cloud,<U+0001F326><U+FE0F>
ğŸŒ§ï¸,cloud_with_rain,<U+0001F327><U+FE0F>
ğŸŒ¨ï¸,cloud_with_snow,<U+0001F328><U+FE0F>
ğŸŒ©ï¸,cloud_with_lightning,<U+0001F329><U+FE0F>
ğŸŒªï¸,tornado,<U+0001F32A><U+FE0F>
ğŸŒ«ï¸,fog,<U+0001F32B><U+FE0F>
ğŸŒ¬ï¸,wind_face,<U+0001F32C><U+FE0F>
ğŸŒ€,cyclone,<U+0001F300>
ğŸŒˆ,rainbow,<U+0001F308>
ğŸŒ‚,closed_umbrella,<U+0001F302>
â˜‚ï¸,umbrella,<U+2602><U+FE0F>
â˜”,umbrella_with_rain_drops,<U+2614>
â›±ï¸,umbrella_on_ground,<U+26F1><U+FE0F>
âš¡,high_voltage,<U+26A1>
â„ï¸,snowflake,<U+2744><U+FE0F>
â˜ƒï¸,snowman,<U+2603><U+FE0F>
â›„,snowman_without_snow,<U+26C4>
â˜„ï¸,comet,<U+2604><U+FE0F>
ğŸ”¥,fire,<U+0001F525>
ğŸ’§,droplet,<U+0001F4A7>
ğŸŒŠ,water_wave,<U+0001F30A>
ğŸƒ,jack_o_lantern,<U+0001F383>
ğŸ„,christmas_tree,<U+0001F384>
ğŸ†,fireworks,<U+0001F386>
ğŸ‡,sparkler,<U+0001F387>
ğŸ§¨,firecracker,<U+0001F9E8>
âœ¨,sparkles,<U+2728>
ğŸˆ,balloon,<U+0001F388>
ğŸ‰,party_popper,<U+0001F389>
ğŸŠ,confetti_ball,<U+0001F38A>
ğŸ‹,tanabata_tree,<U+0001F38B>
ğŸ,pine_decoration,<U+0001F38D>
ğŸ,japanese_dolls,<U+0001F38E>
ğŸ,carp_streamer,<U+0001F38F>
ğŸ,wind_chime,<U+0001F390>
ğŸ‘,moon_viewing_ceremony,<U+0001F391>
ğŸ§§,red_envelope,<U+0001F9E7>
ğŸ€,ribbon,<U+0001F380>
ğŸ,wrapped_gift,<U+0001F381>
ğŸ—ï¸,reminder_ribbon,<U+0001F397><U+FE0F>
ğŸŸï¸,admission_tickets,<U+0001F39F><U+FE0F>
ğŸ«,ticket,<U+0001F3AB>
ğŸ–ï¸,military_medal,<U+0001F396><U+FE0F>
ğŸ†,trophy,<U+0001F3C6>
ğŸ…,sports_medal,<U+0001F3C5>
ğŸ¥‡,1st_place_medal,<U+0001F947>
ğŸ¥ˆ,2nd_place_medal,<U+0001F948>
ğŸ¥‰,3rd_place_medal,<U+0001F949>
âš½,soccer_ball,<U+26BD>
âš¾,baseball,<U+26BE>
ğŸ¥,softball,<U+0001F94E>
ğŸ€,basketball,<U+0001F3C0>
ğŸ,volleyball,<U+0001F3D0>
ğŸˆ,american_football,<U+0001F3C8>
ğŸ‰,rugby_football,<U+0001F3C9>
ğŸ¾,tennis,<U+0001F3BE>
ğŸ¥,flying_disc,<U+0001F94F>
ğŸ³,bowling,<U+0001F3B3>
ğŸ,cricket_game,<U+0001F3CF>
ğŸ‘,field_hockey,<U+0001F3D1>
ğŸ’,ice_hockey,<U+0001F3D2>
ğŸ¥,lacrosse,<U+0001F94D>
ğŸ“,ping_pong,<U+0001F3D3>
ğŸ¸,badminton,<U+0001F3F8>
ğŸ¥Š,boxing_glove,<U+0001F94A>
ğŸ¥‹,martial_arts_uniform,<U+0001F94B>
ğŸ¥…,goal_net,<U+0001F945>
â›³,flag_in_hole,<U+26F3>
â›¸ï¸,ice_skate,<U+26F8><U+FE0F>
ğŸ£,fishing_pole,<U+0001F3A3>
ğŸ¤¿,diving_mask,<U+0001F93F>
ğŸ½,running_shirt,<U+0001F3BD>
ğŸ¿,skis,<U+0001F3BF>
ğŸ›·,sled,<U+0001F6F7>
ğŸ¥Œ,curling_stone,<U+0001F94C>
ğŸ¯,direct_hit,<U+0001F3AF>
ğŸª€,yo_yo,<U+0001FA80>
ğŸª,kite,<U+0001FA81>
ğŸ±,pool_8_ball,<U+0001F3B1>
ğŸ”®,crystal_ball,<U+0001F52E>
ğŸ§¿,nazar_amulet,<U+0001F9FF>
ğŸ®,video_game,<U+0001F3AE>
ğŸ•¹ï¸,joystick,<U+0001F579><U+FE0F>
ğŸ°,slot_machine,<U+0001F3B0>
ğŸ²,game_die,<U+0001F3B2>
ğŸ§©,puzzle_piece,<U+0001F9E9>
ğŸ§¸,teddy_bear,<U+0001F9F8>
â™ ï¸,spade_suit,<U+FE0F>
â™¥ï¸,heart_suit,<U+FE0F>
â™¦ï¸,diamond_suit,<U+FE0F>
â™£ï¸,club_suit,<U+FE0F>
â™Ÿï¸,chess_pawn,<U+265F><U+FE0F>
ğŸƒ,joker,<U+0001F0CF>
ğŸ€„,mahjong_red_dragon,<U+0001F004>
ğŸ´,flower_playing_cards,<U+0001F3B4>
ğŸ­,performing_arts,<U+0001F3AD>
ğŸ–¼ï¸,framed_picture,<U+0001F5BC><U+FE0F>
ğŸ¨,artist_palette,<U+0001F3A8>
ğŸ§µ,thread,<U+0001F9F5>
ğŸ§¶,yarn,<U+0001F9F6>
ğŸ‘“,glasses,<U+0001F453>
ğŸ•¶ï¸,sunglasses,<U+0001F576><U+FE0F>
ğŸ¥½,goggles,<U+0001F97D>
ğŸ¥¼,lab_coat,<U+0001F97C>
ğŸ¦º,safety_vest,<U+0001F9BA>
ğŸ‘”,necktie,<U+0001F454>
ğŸ‘•,t_shirt,<U+0001F455>
ğŸ‘–,jeans,<U+0001F456>
ğŸ§£,scarf,<U+0001F9E3>
ğŸ§¤,gloves,<U+0001F9E4>
ğŸ§¥,coat,<U+0001F9E5>
ğŸ§¦,socks,<U+0001F9E6>
ğŸ‘—,dress,<U+0001F457>
ğŸ‘˜,kimono,<U+0001F458>
ğŸ¥»,sari,<U+0001F97B>
ğŸ©±,one_piece_swimsuit,<U+0001FA71>
ğŸ©²,briefs,<U+0001FA72>
ğŸ©³,shorts,<U+0001FA73>
ğŸ‘™,bikini,<U+0001F459>
ğŸ‘š,woman_s_clothes,<U+0001F45A>
ğŸ‘›,purse,<U+0001F45B>
ğŸ‘œ,handbag,<U+0001F45C>
ğŸ‘,clutch_bag,<U+0001F45D>
ğŸ›ï¸,shopping_bags,<U+0001F6CD><U+FE0F>
ğŸ’,backpack,<U+0001F392>
ğŸ‘,man_s_shoe,<U+0001F45E>
ğŸ‘Ÿ,running_shoe,<U+0001F45F>
ğŸ¥¾,hiking_boot,<U+0001F97E>
ğŸ¥¿,flat_shoe,<U+0001F97F>
ğŸ‘ ,high_heeled_shoe,<U+0001F460>
ğŸ‘¡,woman_s_sandal,<U+0001F461>
ğŸ©°,ballet_shoes,<U+0001FA70>
ğŸ‘¢,woman_s_boot,<U+0001F462>
ğŸ‘‘,crown,<U+0001F451>
ğŸ‘’,woman_s_hat,<U+0001F452>
ğŸ©,top_hat,<U+0001F3A9>
ğŸ“,graduation_cap,<U+0001F393>
ğŸ§¢,billed_cap,<U+0001F9E2>
â›‘ï¸,rescue_worker_s_helmet,<U+26D1><U+FE0F>
ğŸ“¿,prayer_beads,<U+0001F4FF>
ğŸ’„,lipstick,<U+0001F484>
ğŸ’,ring,<U+0001F48D>
ğŸ’,gem_stone,<U+0001F48E>
ğŸ”‡,muted_speaker,<U+0001F507>
ğŸ”ˆ,speaker_low_volume,<U+0001F508>
ğŸ”‰,speaker_medium_volume,<U+0001F509>
ğŸ”Š,speaker_high_volume,<U+0001F50A>
ğŸ“¢,loudspeaker,<U+0001F4E2>
ğŸ“£,megaphone,<U+0001F4E3>
ğŸ“¯,postal_horn,<U+0001F4EF>
ğŸ””,bell,<U+0001F514>
ğŸ”•,bell_with_slash,<U+0001F515>
ğŸ¼,musical_score,<U+0001F3BC>
ğŸµ,musical_note,<U+0001F3B5>
ğŸ¶,musical_notes,<U+0001F3B6>
ğŸ™ï¸,studio_microphone,<U+0001F399><U+FE0F>
ğŸšï¸,level_slider,<U+0001F39A><U+FE0F>
ğŸ›ï¸,control_knobs,<U+0001F39B><U+FE0F>
ğŸ¤,microphone,<U+0001F3A4>
ğŸ§,headphone,<U+0001F3A7>
ğŸ“»,radio,<U+0001F4FB>
ğŸ·,saxophone,<U+0001F3B7>
ğŸ¸,guitar,<U+0001F3B8>
ğŸ¹,musical_keyboard,<U+0001F3B9>
ğŸº,trumpet,<U+0001F3BA>
ğŸ»,violin,<U+0001F3BB>
ğŸª•,banjo,<U+0001FA95>
ğŸ¥,drum,<U+0001F941>
ğŸ“±,mobile_phone,<U+0001F4F1>
ğŸ“²,mobile_phone_with_arrow,<U+0001F4F2>
â˜ï¸,telephone,<U+260E><U+FE0F>
ğŸ“,telephone_receiver,<U+0001F4DE>
ğŸ“Ÿ,pager,<U+0001F4DF>
ğŸ“ ,fax_machine,<U+0001F4E0>
ğŸ”‹,battery,<U+0001F50B>
ğŸ”Œ,electric_plug,<U+0001F50C>
ğŸ’»,laptop,<U+0001F4BB>
ğŸ–¥ï¸,desktop_computer,<U+0001F5A5><U+FE0F>
ğŸ–¨ï¸,printer,<U+0001F5A8><U+FE0F>
âŒ¨ï¸,keyboard,<U+2328><U+FE0F>
ğŸ–±ï¸,computer_mouse,<U+0001F5B1><U+FE0F>
ğŸ–²ï¸,trackball,<U+0001F5B2><U+FE0F>
ğŸ’½,computer_disk,<U+0001F4BD>
ğŸ’¾,floppy_disk,<U+0001F4BE>
ğŸ’¿,optical_disk,<U+0001F4BF>
ğŸ“€,dvd,<U+0001F4C0>
ğŸ§®,abacus,<U+0001F9EE>
ğŸ¥,movie_camera,<U+0001F3A5>
ğŸï¸,film_frames,<U+0001F39E><U+FE0F>
ğŸ“½ï¸,film_projector,<U+0001F4FD><U+FE0F>
ğŸ¬,clapper_board,<U+0001F3AC>
ğŸ“º,television,<U+0001F4FA>
ğŸ“·,camera,<U+0001F4F7>
ğŸ“¸,camera_with_flash,<U+0001F4F8>
ğŸ“¹,video_camera,<U+0001F4F9>
ğŸ“¼,videocassette,<U+0001F4FC>
ğŸ”,magnifying_glass_tilted_left,<U+0001F50D>
ğŸ”,magnifying_glass_tilted_right,<U+0001F50E>
ğŸ•¯ï¸,candle,<U+0001F56F><U+FE0F>
ğŸ’¡,light_bulb,<U+0001F4A1>
ğŸ”¦,flashlight,<U+0001F526>
ğŸ®,red_paper_lantern,<U+0001F3EE>
ğŸª”,diya_lamp,<U+0001FA94>
ğŸ“”,notebook_with_decorative_cover,<U+0001F4D4>
ğŸ“•,closed_book,<U+0001F4D5>
ğŸ“–,open_book,<U+0001F4D6>
ğŸ“—,green_book,<U+0001F4D7>
ğŸ“˜,blue_book,<U+0001F4D8>
ğŸ“™,orange_book,<U+0001F4D9>
ğŸ“š,books,<U+0001F4DA>
ğŸ““,notebook,<U+0001F4D3>
ğŸ“’,ledger,<U+0001F4D2>
ğŸ“ƒ,page_with_curl,<U+0001F4C3>
ğŸ“œ,scroll,<U+0001F4DC>
ğŸ“„,page_facing_up,<U+0001F4C4>
ğŸ“°,newspaper,<U+0001F4F0>
ğŸ—ï¸,rolled_up_newspaper,<U+0001F5DE><U+FE0F>
ğŸ“‘,bookmark_tabs,<U+0001F4D1>
ğŸ”–,bookmark,<U+0001F516>
ğŸ·ï¸,label,<U+0001F3F7><U+FE0F>
ğŸ’°,money_bag,<U+0001F4B0>
ğŸ’´,yen_banknote,<U+0001F4B4>
ğŸ’µ,dollar_banknote,<U+0001F4B5>
ğŸ’¶,euro_banknote,<U+0001F4B6>
ğŸ’·,pound_banknote,<U+0001F4B7>
ğŸ’¸,money_with_wings,<U+0001F4B8>
ğŸ’³,credit_card,<U+0001F4B3>
ğŸ§¾,receipt,<U+0001F9FE>
ğŸ’¹,chart_increasing_with_yen,<U+0001F4B9>
ğŸ’±,currency_exchange,<U+0001F4B1>
ğŸ’²,heavy_dollar_sign,<U+0001F4B2>
âœ‰ï¸,envelope,<U+2709><U+FE0F>
ğŸ“§,e_mail,<U+0001F4E7>
ğŸ“¨,incoming_envelope,<U+0001F4E8>
ğŸ“©,envelope_with_arrow,<U+0001F4E9>
ğŸ“¤,outbox_tray,<U+0001F4E4>
ğŸ“¥,inbox_tray,<U+0001F4E5>
ğŸ“¦,package,<U+0001F4E6>
ğŸ“«,closed_mailbox_with_raised_flag,<U+0001F4EB>
ğŸ“ª,closed_mailbox_with_lowered_flag,<U+0001F4EA>
ğŸ“¬,open_mailbox_with_raised_flag,<U+0001F4EC>
ğŸ“­,open_mailbox_with_lowered_flag,<U+0001F4ED>
ğŸ“®,postbox,<U+0001F4EE>
ğŸ—³ï¸,ballot_box_with_ballot,<U+0001F5F3><U+FE0F>
âœï¸,pencil,<U+270F><U+FE0F>
âœ’ï¸,black_nib,<U+2712><U+FE0F>
ğŸ–‹ï¸,fountain_pen,<U+0001F58B><U+FE0F>
ğŸ–Šï¸,pen,<U+0001F58A><U+FE0F>
ğŸ–Œï¸,paintbrush,<U+0001F58C><U+FE0F>
ğŸ–ï¸,crayon,<U+0001F58D><U+FE0F>
ğŸ“,memo,<U+0001F4DD>
ğŸ’¼,briefcase,<U+0001F4BC>
ğŸ“,file_folder,<U+0001F4C1>
ğŸ“‚,open_file_folder,<U+0001F4C2>
ğŸ—‚ï¸,card_index_dividers,<U+0001F5C2><U+FE0F>
ğŸ“…,calendar,<U+0001F4C5>
ğŸ“†,tear_off_calendar,<U+0001F4C6>
ğŸ—’ï¸,spiral_notepad,<U+0001F5D2><U+FE0F>
ğŸ—“ï¸,spiral_calendar,<U+0001F5D3><U+FE0F>
ğŸ“‡,card_index,<U+0001F4C7>
ğŸ“ˆ,chart_increasing,<U+0001F4C8>
ğŸ“‰,chart_decreasing,<U+0001F4C9>
ğŸ“Š,bar_chart,<U+0001F4CA>
ğŸ“‹,clipboard,<U+0001F4CB>
ğŸ“Œ,pushpin,<U+0001F4CC>
ğŸ“,round_pushpin,<U+0001F4CD>
ğŸ“,paperclip,<U+0001F4CE>
ğŸ–‡ï¸,linked_paperclips,<U+0001F587><U+FE0F>
ğŸ“,straight_ruler,<U+0001F4CF>
ğŸ“,triangular_ruler,<U+0001F4D0>
âœ‚ï¸,scissors,<U+2702><U+FE0F>
ğŸ—ƒï¸,card_file_box,<U+0001F5C3><U+FE0F>
ğŸ—„ï¸,file_cabinet,<U+0001F5C4><U+FE0F>
ğŸ—‘ï¸,wastebasket,<U+0001F5D1><U+FE0F>
ğŸ”’,locked,<U+0001F512>
ğŸ”“,unlocked,<U+0001F513>
ğŸ”,locked_with_pen,<U+0001F50F>
ğŸ”,locked_with_key,<U+0001F510>
ğŸ”‘,key,<U+0001F511>
ğŸ—ï¸,old_key,<U+0001F5DD><U+FE0F>
ğŸ”¨,hammer,<U+0001F528>
ğŸª“,axe,<U+0001FA93>
â›ï¸,pick,<U+26CF><U+FE0F>
âš’ï¸,hammer_and_pick,<U+2692><U+FE0F>
ğŸ› ï¸,hammer_and_wrench,<U+0001F6E0><U+FE0F>
ğŸ—¡ï¸,dagger,<U+0001F5E1><U+FE0F>
âš”ï¸,crossed_swords,<U+2694><U+FE0F>
ğŸ”«,pistol,<U+0001F52B>
ğŸ¹,bow_and_arrow,<U+0001F3F9>
ğŸ›¡ï¸,shield,<U+0001F6E1><U+FE0F>
ğŸ”§,wrench,<U+0001F527>
ğŸ”©,nut_and_bolt,<U+0001F529>
âš™ï¸,gear,<U+2699><U+FE0F>
ğŸ—œï¸,clamp,<U+0001F5DC><U+FE0F>
âš–ï¸,balance_scale,<U+2696><U+FE0F>
ğŸ¦¯,probing_cane,<U+0001F9AF>
ğŸ”—,link,<U+0001F517>
â›“ï¸,chains,<U+26D3><U+FE0F>
ğŸ§°,toolbox,<U+0001F9F0>
ğŸ§²,magnet,<U+0001F9F2>
âš—ï¸,alembic,<U+2697><U+FE0F>
ğŸ§ª,test_tube,<U+0001F9EA>
ğŸ§«,petri_dish,<U+0001F9EB>
ğŸ§¬,dna,<U+0001F9EC>
ğŸ”¬,microscope,<U+0001F52C>
ğŸ”­,telescope,<U+0001F52D>
ğŸ“¡,satellite_antenna,<U+0001F4E1>
ğŸ’‰,syringe,<U+0001F489>
ğŸ©¸,drop_of_blood,<U+0001FA78>
ğŸ’Š,pill,<U+0001F48A>
ğŸ©¹,adhesive_bandage,<U+0001FA79>
ğŸ©º,stethoscope,<U+0001FA7A>
ğŸšª,door,<U+0001F6AA>
ğŸ›ï¸,bed,<U+0001F6CF><U+FE0F>
ğŸ›‹ï¸,couch_and_lamp,<U+0001F6CB><U+FE0F>
ğŸª‘,chair,<U+0001FA91>
ğŸš½,toilet,<U+0001F6BD>
ğŸš¿,shower,<U+0001F6BF>
ğŸ›,bathtub,<U+0001F6C1>
ğŸª’,razor,<U+0001FA92>
ğŸ§´,lotion_bottle,<U+0001F9F4>
ğŸ§·,safety_pin,<U+0001F9F7>
ğŸ§¹,broom,<U+0001F9F9>
ğŸ§º,basket,<U+0001F9FA>
ğŸ§»,roll_of_paper,<U+0001F9FB>
ğŸ§¼,soap,<U+0001F9FC>
ğŸ§½,sponge,<U+0001F9FD>
ğŸ§¯,fire_extinguisher,<U+0001F9EF>
ğŸ›’,shopping_cart,<U+0001F6D2>
ğŸš¬,cigarette,<U+0001F6AC>
âš°ï¸,coffin,<U+26B0><U+FE0F>
âš±ï¸,funeral_urn,<U+26B1><U+FE0F>
ğŸ—¿,moai,<U+0001F5FF>
ğŸ§,atm_sign,<U+0001F3E7>
ğŸš®,litter_in_bin_sign,<U+0001F6AE>
ğŸš°,potable_water,<U+0001F6B0>
â™¿,wheelchair_symbol,<U+267F>
ğŸš¹,men_s_room,<U+0001F6B9>
ğŸšº,women_s_room,<U+0001F6BA>
ğŸš»,restroom,<U+0001F6BB>
ğŸš¼,baby_symbol,<U+0001F6BC>
ğŸš¾,water_closet,<U+0001F6BE>
ğŸ›‚,passport_control,<U+0001F6C2>
ğŸ›ƒ,customs,<U+0001F6C3>
ğŸ›„,baggage_claim,<U+0001F6C4>
ğŸ›…,left_luggage,<U+0001F6C5>
âš ï¸,warning,<U+26A0><U+FE0F>
ğŸš¸,children_crossing,<U+0001F6B8>
â›”,no_entry,<U+26D4>
ğŸš«,prohibited,<U+0001F6AB>
ğŸš³,no_bicycles,<U+0001F6B3>
ğŸš­,no_smoking,<U+0001F6AD>
ğŸš¯,no_littering,<U+0001F6AF>
ğŸš±,non_potable_water,<U+0001F6B1>
ğŸš·,no_pedestrians,<U+0001F6B7>
ğŸ“µ,no_mobile_phones,<U+0001F4F5>
ğŸ”,no_one_under_eighteen,<U+0001F51E>
â˜¢ï¸,radioactive,<U+2622><U+FE0F>
â˜£ï¸,biohazard,<U+2623><U+FE0F>
â¬†ï¸,up_arrow,<U+2B06><U+FE0F>
â†—ï¸,up_right_arrow,<U+2197><U+FE0F>
â¡ï¸,right_arrow,<U+27A1><U+FE0F>
â†˜ï¸,down_right_arrow,<U+2198><U+FE0F>
â¬‡ï¸,down_arrow,<U+2B07><U+FE0F>
â†™ï¸,down_left_arrow,<U+2199><U+FE0F>
â¬…ï¸,left_arrow,<U+2B05><U+FE0F>
â†–ï¸,up_left_arrow,<U+2196><U+FE0F>
â†•ï¸,up_down_arrow,|<U+FE0F>
â†”ï¸,left_right_arrow,-<U+FE0F>
â†©ï¸,right_arrow_curving_left,<U+21A9><U+FE0F>
â†ªï¸,left_arrow_curving_right,<U+21AA><U+FE0F>
â¤´ï¸,right_arrow_curving_up,<U+2934><U+FE0F>
â¤µï¸,right_arrow_curving_down,<U+2935><U+FE0F>
ğŸ”ƒ,clockwise_vertical_arrows,<U+0001F503>
ğŸ”„,counterclockwise_arrows_button,<U+0001F504>
ğŸ”™,back_arrow,<U+0001F519>
ğŸ”š,end_arrow,<U+0001F51A>
ğŸ”›,on_arrow,<U+0001F51B>
ğŸ”œ,soon_arrow,<U+0001F51C>
ğŸ”,top_arrow,<U+0001F51D>
ğŸ›,place_of_worship,<U+0001F6D0>
âš›ï¸,atom_symbol,<U+269B><U+FE0F>
ğŸ•‰ï¸,om,<U+0001F549><U+FE0F>
âœ¡ï¸,star_of_david,<U+2721><U+FE0F>
â˜¸ï¸,wheel_of_dharma,<U+2638><U+FE0F>
â˜¯ï¸,yin_yang,<U+262F><U+FE0F>
âœï¸,latin_cross,<U+271D><U+FE0F>
â˜¦ï¸,orthodox_cross,<U+2626><U+FE0F>
â˜ªï¸,star_and_crescent,<U+262A><U+FE0F>
â˜®ï¸,peace_symbol,<U+262E><U+FE0F>
ğŸ•,menorah,<U+0001F54E>
ğŸ”¯,dotted_six_pointed_star,<U+0001F52F>
â™ˆ,aries,<U+2648>
â™‰,taurus,<U+2649>
â™Š,gemini,<U+264A>
â™‹,cancer,<U+264B>
â™Œ,leo,<U+264C>
â™,virgo,<U+264D>
â™,libra,<U+264E>
â™,scorpio,<U+264F>
â™,sagittarius,<U+2650>
â™‘,capricorn,<U+2651>
â™’,aquarius,<U+2652>
â™“,pisces,<U+2653>
â›,ophiuchus,<U+26CE>
ğŸ”€,shuffle_tracks_button,<U+0001F500>
ğŸ”,repeat_button,<U+0001F501>
ğŸ”‚,repeat_single_button,<U+0001F502>
â–¶ï¸,play_button,<U+25B6><U+FE0F>
â©,fast_forward_button,<U+23E9>
â­ï¸,next_track_button,<U+23ED><U+FE0F>
â¯ï¸,play_or_pause_button,<U+23EF><U+FE0F>
â—€ï¸,reverse_button,<U+25C0><U+FE0F>
âª,fast_reverse_button,<U+23EA>
â®ï¸,last_track_button,<U+23EE><U+FE0F>
ğŸ”¼,upwards_button,<U+0001F53C>
â«,fast_up_button,<U+23EB>
ğŸ”½,downwards_button,<U+0001F53D>
â¬,fast_down_button,<U+23EC>
â¸ï¸,pause_button,<U+23F8><U+FE0F>
â¹ï¸,stop_button,<U+23F9><U+FE0F>
âºï¸,record_button,<U+23FA><U+FE0F>
âï¸,eject_button,<U+23CF><U+FE0F>
ğŸ¦,cinema,<U+0001F3A6>
ğŸ”…,dim_button,<U+0001F505>
ğŸ”†,bright_button,<U+0001F506>
ğŸ“¶,antenna_bars,<U+0001F4F6>
ğŸ“³,vibration_mode,<U+0001F4F3>
ğŸ“´,mobile_phone_off,<U+0001F4F4>
â™€ï¸,female_sign,+<U+FE0F>
â™‚ï¸,male_sign,><U+FE0F>
âš•ï¸,medical_symbol,<U+2695><U+FE0F>
â™¾ï¸,infinity,<U+267E><U+FE0F>
â™»ï¸,recycling_symbol,<U+267B><U+FE0F>
âšœï¸,fleur_de_lis,<U+269C><U+FE0F>
ğŸ”±,trident_emblem,<U+0001F531>
ğŸ“›,name_badge,<U+0001F4DB>
ğŸ”°,japanese_symbol_for_beginner,<U+0001F530>
â­•,hollow_red_circle,<U+2B55>
âœ…,check_mark_button,<U+2705>
â˜‘ï¸,check_box_with_check,<U+2611><U+FE0F>
âœ”ï¸,check_mark,<U+2714><U+FE0F>
âœ–ï¸,multiplication_sign,<U+2716><U+FE0F>
âŒ,cross_mark,<U+274C>
â,cross_mark_button,<U+274E>
â•,plus_sign,<U+2795>
â–,minus_sign,<U+2796>
â—,division_sign,<U+2797>
â°,curly_loop,<U+27B0>
â¿,double_curly_loop,<U+27BF>
ã€½ï¸,part_alternation_mark,<U+303D><U+FE0F>
âœ³ï¸,eight_spoked_asterisk,<U+2733><U+FE0F>
âœ´ï¸,eight_pointed_star,<U+2734><U+FE0F>
â‡ï¸,sparkle,<U+2747><U+FE0F>
â€¼ï¸,double_exclamation_mark,!<U+FE0F>
â‰ï¸,exclamation_question_mark,<U+2049><U+FE0F>
â“,question_mark,<U+2753>
â”,white_question_mark,<U+2754>
â•,white_exclamation_mark,<U+2755>
â—,exclamation_mark,<U+2757>
ã€°ï¸,wavy_dash,<U+3030><U+FE0F>
Â©ï¸,copyright,<U+FE0F>
Â®ï¸,registered,<U+FE0F>
â„¢ï¸,trade_mark,<U+FE0F>
#ï¸âƒ£,keycap_,#<U+FE0F><U+20E3>
*ï¸âƒ£,keycap_,*<U+FE0F><U+20E3>
0ï¸âƒ£,keycap_0,0<U+FE0F><U+20E3>
1ï¸âƒ£,keycap_1,1<U+FE0F><U+20E3>
2ï¸âƒ£,keycap_2,2<U+FE0F><U+20E3>
3ï¸âƒ£,keycap_3,3<U+FE0F><U+20E3>
4ï¸âƒ£,keycap_4,4<U+FE0F><U+20E3>
5ï¸âƒ£,keycap_5,5<U+FE0F><U+20E3>
6ï¸âƒ£,keycap_6,6<U+FE0F><U+20E3>
7ï¸âƒ£,keycap_7,7<U+FE0F><U+20E3>
8ï¸âƒ£,keycap_8,8<U+FE0F><U+20E3>
9ï¸âƒ£,keycap_9,9<U+FE0F><U+20E3>
ğŸ”Ÿ,keycap_10,<U+0001F51F>
ğŸ” ,input_latin_uppercase,<U+0001F520>
ğŸ”¡,input_latin_lowercase,<U+0001F521>
ğŸ”¢,input_numbers,<U+0001F522>
ğŸ”£,input_symbols,<U+0001F523>
ğŸ”¤,input_latin_letters,<U+0001F524>
ğŸ…°ï¸,a_button,<U+0001F170><U+FE0F>
ğŸ†,ab_button,<U+0001F18E>
ğŸ…±ï¸,b_button,<U+0001F171><U+FE0F>
ğŸ†‘,cl_button,<U+0001F191>
ğŸ†’,cool_button,<U+0001F192>
ğŸ†“,free_button,<U+0001F193>
â„¹ï¸,information,<U+2139><U+FE0F>
ğŸ†”,id_button,<U+0001F194>
â“‚ï¸,circled_m,<U+24C2><U+FE0F>
ğŸ†•,new_button,<U+0001F195>
ğŸ†–,ng_button,<U+0001F196>
ğŸ…¾ï¸,o_button,<U+0001F17E><U+FE0F>
ğŸ†—,ok_button,<U+0001F197>
ğŸ…¿ï¸,p_button,<U+0001F17F><U+FE0F>
ğŸ†˜,sos_button,<U+0001F198>
ğŸ†™,up_button,<U+0001F199>
ğŸ†š,vs_button,<U+0001F19A>
ğŸˆ,japanese_here_button,<U+0001F201>
ğŸˆ‚ï¸,japanese_service_charge_button,<U+0001F202><U+FE0F>
ğŸˆ·ï¸,japanese_monthly_amount_button,<U+0001F237><U+FE0F>
ğŸˆ¶,japanese_not_free_of_charge_button,<U+0001F236>
ğŸˆ¯,japanese_reserved_button,<U+0001F22F>
ğŸ‰,japanese_bargain_button,<U+0001F250>
ğŸˆ¹,japanese_discount_button,<U+0001F239>
ğŸˆš,japanese_free_of_charge_button,<U+0001F21A>
ğŸˆ²,japanese_prohibited_button,<U+0001F232>
ğŸ‰‘,japanese_acceptable_button,<U+0001F251>
ğŸˆ¸,japanese_application_button,<U+0001F238>
ğŸˆ´,japanese_passing_grade_button,<U+0001F234>
ğŸˆ³,japanese_vacancy_button,<U+0001F233>
ãŠ—ï¸,japanese_congratulations_button,<U+3297><U+FE0F>
ãŠ™ï¸,japanese_secret_button,<U+3299><U+FE0F>
ğŸˆº,japanese_open_for_business_button,<U+0001F23A>
ğŸˆµ,japanese_no_vacancy_button,<U+0001F235>
ğŸ”´,red_circle,<U+0001F534>
ğŸŸ ,orange_circle,<U+0001F7E0>
ğŸŸ¡,yellow_circle,<U+0001F7E1>
ğŸŸ¢,green_circle,<U+0001F7E2>
ğŸ”µ,blue_circle,<U+0001F535>
ğŸŸ£,purple_circle,<U+0001F7E3>
ğŸŸ¤,brown_circle,<U+0001F7E4>
âš«,black_circle,<U+26AB>
âšª,white_circle,<U+26AA>
ğŸŸ¥,red_square,<U+0001F7E5>
ğŸŸ§,orange_square,<U+0001F7E7>
ğŸŸ¨,yellow_square,<U+0001F7E8>
ğŸŸ©,green_square,<U+0001F7E9>
ğŸŸ¦,blue_square,<U+0001F7E6>
ğŸŸª,purple_square,<U+0001F7EA>
ğŸŸ«,brown_square,<U+0001F7EB>
â¬›,black_large_square,<U+2B1B>
â¬œ,white_large_square,<U+2B1C>
â—¼ï¸,black_medium_square,<U+25FC><U+FE0F>
â—»ï¸,white_medium_square,<U+25FB><U+FE0F>
â—¾,black_medium_small_square,<U+25FE>
â—½,white_medium_small_square,<U+25FD>
â–ªï¸,black_small_square,<U+25AA><U+FE0F>
â–«ï¸,white_small_square,<U+25AB><U+FE0F>
ğŸ”¶,large_orange_diamond,<U+0001F536>
ğŸ”·,large_blue_diamond,<U+0001F537>
ğŸ”¸,small_orange_diamond,<U+0001F538>
ğŸ”¹,small_blue_diamond,<U+0001F539>
ğŸ”º,red_triangle_pointed_up,<U+0001F53A>
ğŸ”»,red_triangle_pointed_down,<U+0001F53B>
ğŸ’ ,diamond_with_a_dot,<U+0001F4A0>
ğŸ”˜,radio_button,<U+0001F518>
ğŸ”³,white_square_button,<U+0001F533>
ğŸ”²,black_square_button,<U+0001F532>
ğŸ,chequered_flag,<U+0001F3C1>
ğŸš©,triangular_flag,<U+0001F6A9>
ğŸŒ,crossed_flags,<U+0001F38C>
ğŸ´,black_flag,<U+0001F3F4>
ğŸ³ï¸,white_flag,<U+0001F3F3><U+FE0F>
ğŸ³ï¸â€ğŸŒˆ,rainbow_flag,<U+0001F3F3><U+FE0F><U+200D><U+0001F308>
ğŸ´â€â˜ ï¸,pirate_flag,<U+0001F3F4><U+200D><U+2620><U+FE0F>
ğŸ‡¦ğŸ‡¨,flag_ascension_island,<U+0001F1E6><U+0001F1E8>
ğŸ‡¦ğŸ‡©,flag_andorra,<U+0001F1E6><U+0001F1E9>
ğŸ‡¦ğŸ‡ª,flag_united_arab_emirates,<U+0001F1E6><U+0001F1EA>
ğŸ‡¦ğŸ‡«,flag_afghanistan,<U+0001F1E6><U+0001F1EB>
ğŸ‡¦ğŸ‡¬,flag_antigua_barbuda,<U+0001F1E6><U+0001F1EC>
ğŸ‡¦ğŸ‡®,flag_anguilla,<U+0001F1E6><U+0001F1EE>
ğŸ‡¦ğŸ‡±,flag_albania,<U+0001F1E6><U+0001F1F1>
ğŸ‡¦ğŸ‡²,flag_armenia,<U+0001F1E6><U+0001F1F2>
ğŸ‡¦ğŸ‡´,flag_angola,<U+0001F1E6><U+0001F1F4>
ğŸ‡¦ğŸ‡¶,flag_antarctica,<U+0001F1E6><U+0001F1F6>
ğŸ‡¦ğŸ‡·,flag_argentina,<U+0001F1E6><U+0001F1F7>
ğŸ‡¦ğŸ‡¸,flag_american_samoa,<U+0001F1E6><U+0001F1F8>
ğŸ‡¦ğŸ‡¹,flag_austria,<U+0001F1E6><U+0001F1F9>
ğŸ‡¦ğŸ‡º,flag_australia,<U+0001F1E6><U+0001F1FA>
ğŸ‡¦ğŸ‡¼,flag_aruba,<U+0001F1E6><U+0001F1FC>
ğŸ‡¦ğŸ‡½,flag_aland_islands,<U+0001F1E6><U+0001F1FD>
ğŸ‡¦ğŸ‡¿,flag_azerbaijan,<U+0001F1E6><U+0001F1FF>
ğŸ‡§ğŸ‡¦,flag_bosnia_herzegovina,<U+0001F1E7><U+0001F1E6>
ğŸ‡§ğŸ‡§,flag_barbados,<U+0001F1E7><U+0001F1E7>
ğŸ‡§ğŸ‡©,flag_bangladesh,<U+0001F1E7><U+0001F1E9>
ğŸ‡§ğŸ‡ª,flag_belgium,<U+0001F1E7><U+0001F1EA>
ğŸ‡§ğŸ‡«,flag_burkina_faso,<U+0001F1E7><U+0001F1EB>
ğŸ‡§ğŸ‡¬,flag_bulgaria,<U+0001F1E7><U+0001F1EC>
ğŸ‡§ğŸ‡­,flag_bahrain,<U+0001F1E7><U+0001F1ED>
ğŸ‡§ğŸ‡®,flag_burundi,<U+0001F1E7><U+0001F1EE>
ğŸ‡§ğŸ‡¯,flag_benin,<U+0001F1E7><U+0001F1EF>
ğŸ‡§ğŸ‡±,flag_st_barthelemy,<U+0001F1E7><U+0001F1F1>
ğŸ‡§ğŸ‡²,flag_bermuda,<U+0001F1E7><U+0001F1F2>
ğŸ‡§ğŸ‡³,flag_brunei,<U+0001F1E7><U+0001F1F3>
ğŸ‡§ğŸ‡´,flag_bolivia,<U+0001F1E7><U+0001F1F4>
ğŸ‡§ğŸ‡¶,flag_caribbean_netherlands,<U+0001F1E7><U+0001F1F6>
ğŸ‡§ğŸ‡·,flag_brazil,<U+0001F1E7><U+0001F1F7>
ğŸ‡§ğŸ‡¸,flag_bahamas,<U+0001F1E7><U+0001F1F8>
ğŸ‡§ğŸ‡¹,flag_bhutan,<U+0001F1E7><U+0001F1F9>
ğŸ‡§ğŸ‡»,flag_bouvet_island,<U+0001F1E7><U+0001F1FB>
ğŸ‡§ğŸ‡¼,flag_botswana,<U+0001F1E7><U+0001F1FC>
ğŸ‡§ğŸ‡¾,flag_belarus,<U+0001F1E7><U+0001F1FE>
ğŸ‡§ğŸ‡¿,flag_belize,<U+0001F1E7><U+0001F1FF>
ğŸ‡¨ğŸ‡¦,flag_canada,<U+0001F1E8><U+0001F1E6>
ğŸ‡¨ğŸ‡¨,flag_cocos_islands,<U+0001F1E8><U+0001F1E8>
ğŸ‡¨ğŸ‡©,flag_congo_kinshasa,<U+0001F1E8><U+0001F1E9>
ğŸ‡¨ğŸ‡«,flag_central_african_republic,<U+0001F1E8><U+0001F1EB>
ğŸ‡¨ğŸ‡¬,flag_congo_brazzaville,<U+0001F1E8><U+0001F1EC>
ğŸ‡¨ğŸ‡­,flag_switzerland,<U+0001F1E8><U+0001F1ED>
ğŸ‡¨ğŸ‡®,flag_cote_d_ivoire,<U+0001F1E8><U+0001F1EE>
ğŸ‡¨ğŸ‡°,flag_cook_islands,<U+0001F1E8><U+0001F1F0>
ğŸ‡¨ğŸ‡±,flag_chile,<U+0001F1E8><U+0001F1F1>
ğŸ‡¨ğŸ‡²,flag_cameroon,<U+0001F1E8><U+0001F1F2>
ğŸ‡¨ğŸ‡³,flag_china,<U+0001F1E8><U+0001F1F3>
ğŸ‡¨ğŸ‡´,flag_colombia,<U+0001F1E8><U+0001F1F4>
ğŸ‡¨ğŸ‡µ,flag_clipperton_island,<U+0001F1E8><U+0001F1F5>
ğŸ‡¨ğŸ‡·,flag_costa_rica,<U+0001F1E8><U+0001F1F7>
ğŸ‡¨ğŸ‡º,flag_cuba,<U+0001F1E8><U+0001F1FA>
ğŸ‡¨ğŸ‡»,flag_cape_verde,<U+0001F1E8><U+0001F1FB>
ğŸ‡¨ğŸ‡¼,flag_curacao,<U+0001F1E8><U+0001F1FC>
ğŸ‡¨ğŸ‡½,flag_christmas_island,<U+0001F1E8><U+0001F1FD>
ğŸ‡¨ğŸ‡¾,flag_cyprus,<U+0001F1E8><U+0001F1FE>
ğŸ‡¨ğŸ‡¿,flag_czechia,<U+0001F1E8><U+0001F1FF>
ğŸ‡©ğŸ‡ª,flag_germany,<U+0001F1E9><U+0001F1EA>
ğŸ‡©ğŸ‡¬,flag_diego_garcia,<U+0001F1E9><U+0001F1EC>
ğŸ‡©ğŸ‡¯,flag_djibouti,<U+0001F1E9><U+0001F1EF>
ğŸ‡©ğŸ‡°,flag_denmark,<U+0001F1E9><U+0001F1F0>
ğŸ‡©ğŸ‡²,flag_dominica,<U+0001F1E9><U+0001F1F2>
ğŸ‡©ğŸ‡´,flag_dominican_republic,<U+0001F1E9><U+0001F1F4>
ğŸ‡©ğŸ‡¿,flag_algeria,<U+0001F1E9><U+0001F1FF>
ğŸ‡ªğŸ‡¦,flag_ceuta_melilla,<U+0001F1EA><U+0001F1E6>
ğŸ‡ªğŸ‡¨,flag_ecuador,<U+0001F1EA><U+0001F1E8>
ğŸ‡ªğŸ‡ª,flag_estonia,<U+0001F1EA><U+0001F1EA>
ğŸ‡ªğŸ‡¬,flag_egypt,<U+0001F1EA><U+0001F1EC>
ğŸ‡ªğŸ‡­,flag_western_sahara,<U+0001F1EA><U+0001F1ED>
ğŸ‡ªğŸ‡·,flag_eritrea,<U+0001F1EA><U+0001F1F7>
ğŸ‡ªğŸ‡¸,flag_spain,<U+0001F1EA><U+0001F1F8>
ğŸ‡ªğŸ‡¹,flag_ethiopia,<U+0001F1EA><U+0001F1F9>
ğŸ‡ªğŸ‡º,flag_european_union,<U+0001F1EA><U+0001F1FA>
ğŸ‡«ğŸ‡®,flag_finland,<U+0001F1EB><U+0001F1EE>
ğŸ‡«ğŸ‡¯,flag_fiji,<U+0001F1EB><U+0001F1EF>
ğŸ‡«ğŸ‡°,flag_falkland_islands,<U+0001F1EB><U+0001F1F0>
ğŸ‡«ğŸ‡²,flag_micronesia,<U+0001F1EB><U+0001F1F2>
ğŸ‡«ğŸ‡´,flag_faroe_islands,<U+0001F1EB><U+0001F1F4>
ğŸ‡«ğŸ‡·,flag_france,<U+0001F1EB><U+0001F1F7>
ğŸ‡¬ğŸ‡¦,flag_gabon,<U+0001F1EC><U+0001F1E6>
ğŸ‡¬ğŸ‡§,flag_united_kingdom,<U+0001F1EC><U+0001F1E7>
ğŸ‡¬ğŸ‡©,flag_grenada,<U+0001F1EC><U+0001F1E9>
ğŸ‡¬ğŸ‡ª,flag_georgia,<U+0001F1EC><U+0001F1EA>
ğŸ‡¬ğŸ‡«,flag_french_guiana,<U+0001F1EC><U+0001F1EB>
ğŸ‡¬ğŸ‡¬,flag_guernsey,<U+0001F1EC><U+0001F1EC>
ğŸ‡¬ğŸ‡­,flag_ghana,<U+0001F1EC><U+0001F1ED>
ğŸ‡¬ğŸ‡®,flag_gibraltar,<U+0001F1EC><U+0001F1EE>
ğŸ‡¬ğŸ‡±,flag_greenland,<U+0001F1EC><U+0001F1F1>
ğŸ‡¬ğŸ‡²,flag_gambia,<U+0001F1EC><U+0001F1F2>
ğŸ‡¬ğŸ‡³,flag_guinea,<U+0001F1EC><U+0001F1F3>
ğŸ‡¬ğŸ‡µ,flag_guadeloupe,<U+0001F1EC><U+0001F1F5>
ğŸ‡¬ğŸ‡¶,flag_equatorial_guinea,<U+0001F1EC><U+0001F1F6>
ğŸ‡¬ğŸ‡·,flag_greece,<U+0001F1EC><U+0001F1F7>
ğŸ‡¬ğŸ‡¸,flag_south_georgia_south_sandwich_islands,<U+0001F1EC><U+0001F1F8>
ğŸ‡¬ğŸ‡¹,flag_guatemala,<U+0001F1EC><U+0001F1F9>
ğŸ‡¬ğŸ‡º,flag_guam,<U+0001F1EC><U+0001F1FA>
ğŸ‡¬ğŸ‡¼,flag_guinea_bissau,<U+0001F1EC><U+0001F1FC>
ğŸ‡¬ğŸ‡¾,flag_guyana,<U+0001F1EC><U+0001F1FE>
ğŸ‡­ğŸ‡°,flag_hong_kong_sar_china,<U+0001F1ED><U+0001F1F0>
ğŸ‡­ğŸ‡²,flag_heard_mcdonald_islands,<U+0001F1ED><U+0001F1F2>
ğŸ‡­ğŸ‡³,flag_honduras,<U+0001F1ED><U+0001F1F3>
ğŸ‡­ğŸ‡·,flag_croatia,<U+0001F1ED><U+0001F1F7>
ğŸ‡­ğŸ‡¹,flag_haiti,<U+0001F1ED><U+0001F1F9>
ğŸ‡­ğŸ‡º,flag_hungary,<U+0001F1ED><U+0001F1FA>
ğŸ‡®ğŸ‡¨,flag_canary_islands,<U+0001F1EE><U+0001F1E8>
ğŸ‡®ğŸ‡©,flag_indonesia,<U+0001F1EE><U+0001F1E9>
ğŸ‡®ğŸ‡ª,flag_ireland,<U+0001F1EE><U+0001F1EA>
ğŸ‡®ğŸ‡±,flag_israel,<U+0001F1EE><U+0001F1F1>
ğŸ‡®ğŸ‡²,flag_isle_of_man,<U+0001F1EE><U+0001F1F2>
ğŸ‡®ğŸ‡³,flag_india,<U+0001F1EE><U+0001F1F3>
ğŸ‡®ğŸ‡´,flag_british_indian_ocean_territory,<U+0001F1EE><U+0001F1F4>
ğŸ‡®ğŸ‡¶,flag_iraq,<U+0001F1EE><U+0001F1F6>
ğŸ‡®ğŸ‡·,flag_iran,<U+0001F1EE><U+0001F1F7>
ğŸ‡®ğŸ‡¸,flag_iceland,<U+0001F1EE><U+0001F1F8>
ğŸ‡®ğŸ‡¹,flag_italy,<U+0001F1EE><U+0001F1F9>
ğŸ‡¯ğŸ‡ª,flag_jersey,<U+0001F1EF><U+0001F1EA>
ğŸ‡¯ğŸ‡²,flag_jamaica,<U+0001F1EF><U+0001F1F2>
ğŸ‡¯ğŸ‡´,flag_jordan,<U+0001F1EF><U+0001F1F4>
ğŸ‡¯ğŸ‡µ,flag_japan,<U+0001F1EF><U+0001F1F5>
ğŸ‡°ğŸ‡ª,flag_kenya,<U+0001F1F0><U+0001F1EA>
ğŸ‡°ğŸ‡¬,flag_kyrgyzstan,<U+0001F1F0><U+0001F1EC>
ğŸ‡°ğŸ‡­,flag_cambodia,<U+0001F1F0><U+0001F1ED>
ğŸ‡°ğŸ‡®,flag_kiribati,<U+0001F1F0><U+0001F1EE>
ğŸ‡°ğŸ‡²,flag_comoros,<U+0001F1F0><U+0001F1F2>
ğŸ‡°ğŸ‡³,flag_st_kitts_nevis,<U+0001F1F0><U+0001F1F3>
ğŸ‡°ğŸ‡µ,flag_north_korea,<U+0001F1F0><U+0001F1F5>
ğŸ‡°ğŸ‡·,flag_south_korea,<U+0001F1F0><U+0001F1F7>
ğŸ‡°ğŸ‡¼,flag_kuwait,<U+0001F1F0><U+0001F1FC>
ğŸ‡°ğŸ‡¾,flag_cayman_islands,<U+0001F1F0><U+0001F1FE>
ğŸ‡°ğŸ‡¿,flag_kazakhstan,<U+0001F1F0><U+0001F1FF>
ğŸ‡±ğŸ‡¦,flag_laos,<U+0001F1F1><U+0001F1E6>
ğŸ‡±ğŸ‡§,flag_lebanon,<U+0001F1F1><U+0001F1E7>
ğŸ‡±ğŸ‡¨,flag_st_lucia,<U+0001F1F1><U+0001F1E8>
ğŸ‡±ğŸ‡®,flag_liechtenstein,<U+0001F1F1><U+0001F1EE>
ğŸ‡±ğŸ‡°,flag_sri_lanka,<U+0001F1F1><U+0001F1F0>
ğŸ‡±ğŸ‡·,flag_liberia,<U+0001F1F1><U+0001F1F7>
ğŸ‡±ğŸ‡¸,flag_lesotho,<U+0001F1F1><U+0001F1F8>
ğŸ‡±ğŸ‡¹,flag_lithuania,<U+0001F1F1><U+0001F1F9>
ğŸ‡±ğŸ‡º,flag_luxembourg,<U+0001F1F1><U+0001F1FA>
ğŸ‡±ğŸ‡»,flag_latvia,<U+0001F1F1><U+0001F1FB>
ğŸ‡±ğŸ‡¾,flag_libya,<U+0001F1F1><U+0001F1FE>
ğŸ‡²ğŸ‡¦,flag_morocco,<U+0001F1F2><U+0001F1E6>
ğŸ‡²ğŸ‡¨,flag_monaco,<U+0001F1F2><U+0001F1E8>
ğŸ‡²ğŸ‡©,flag_moldova,<U+0001F1F2><U+0001F1E9>
ğŸ‡²ğŸ‡ª,flag_montenegro,<U+0001F1F2><U+0001F1EA>
ğŸ‡²ğŸ‡«,flag_st_martin,<U+0001F1F2><U+0001F1EB>
ğŸ‡²ğŸ‡¬,flag_madagascar,<U+0001F1F2><U+0001F1EC>
ğŸ‡²ğŸ‡­,flag_marshall_islands,<U+0001F1F2><U+0001F1ED>
ğŸ‡²ğŸ‡°,flag_north_macedonia,<U+0001F1F2><U+0001F1F0>
ğŸ‡²ğŸ‡±,flag_mali,<U+0001F1F2><U+0001F1F1>
ğŸ‡²ğŸ‡²,flag_myanmar,<U+0001F1F2><U+0001F1F2>
ğŸ‡²ğŸ‡³,flag_mongolia,<U+0001F1F2><U+0001F1F3>
ğŸ‡²ğŸ‡´,flag_macao_sar_china,<U+0001F1F2><U+0001F1F4>
ğŸ‡²ğŸ‡µ,flag_northern_mariana_islands,<U+0001F1F2><U+0001F1F5>
ğŸ‡²ğŸ‡¶,flag_martinique,<U+0001F1F2><U+0001F1F6>
ğŸ‡²ğŸ‡·,flag_mauritania,<U+0001F1F2><U+0001F1F7>
ğŸ‡²ğŸ‡¸,flag_montserrat,<U+0001F1F2><U+0001F1F8>
ğŸ‡²ğŸ‡¹,flag_malta,<U+0001F1F2><U+0001F1F9>
ğŸ‡²ğŸ‡º,flag_mauritius,<U+0001F1F2><U+0001F1FA>
ğŸ‡²ğŸ‡»,flag_maldives,<U+0001F1F2><U+0001F1FB>
ğŸ‡²ğŸ‡¼,flag_malawi,<U+0001F1F2><U+0001F1FC>
ğŸ‡²ğŸ‡½,flag_mexico,<U+0001F1F2><U+0001F1FD>
ğŸ‡²ğŸ‡¾,flag_malaysia,<U+0001F1F2><U+0001F1FE>
ğŸ‡²ğŸ‡¿,flag_mozambique,<U+0001F1F2><U+0001F1FF>
ğŸ‡³ğŸ‡¦,flag_namibia,<U+0001F1F3><U+0001F1E6>
ğŸ‡³ğŸ‡¨,flag_new_caledonia,<U+0001F1F3><U+0001F1E8>
ğŸ‡³ğŸ‡ª,flag_niger,<U+0001F1F3><U+0001F1EA>
ğŸ‡³ğŸ‡«,flag_norfolk_island,<U+0001F1F3><U+0001F1EB>
ğŸ‡³ğŸ‡¬,flag_nigeria,<U+0001F1F3><U+0001F1EC>
ğŸ‡³ğŸ‡®,flag_nicaragua,<U+0001F1F3><U+0001F1EE>
ğŸ‡³ğŸ‡±,flag_netherlands,<U+0001F1F3><U+0001F1F1>
ğŸ‡³ğŸ‡´,flag_norway,<U+0001F1F3><U+0001F1F4>
ğŸ‡³ğŸ‡µ,flag_nepal,<U+0001F1F3><U+0001F1F5>
ğŸ‡³ğŸ‡·,flag_nauru,<U+0001F1F3><U+0001F1F7>
ğŸ‡³ğŸ‡º,flag_niue,<U+0001F1F3><U+0001F1FA>
ğŸ‡³ğŸ‡¿,flag_new_zealand,<U+0001F1F3><U+0001F1FF>
ğŸ‡´ğŸ‡²,flag_oman,<U+0001F1F4><U+0001F1F2>
ğŸ‡µğŸ‡¦,flag_panama,<U+0001F1F5><U+0001F1E6>
ğŸ‡µğŸ‡ª,flag_peru,<U+0001F1F5><U+0001F1EA>
ğŸ‡µğŸ‡«,flag_french_polynesia,<U+0001F1F5><U+0001F1EB>
ğŸ‡µğŸ‡¬,flag_papua_new_guinea,<U+0001F1F5><U+0001F1EC>
ğŸ‡µğŸ‡­,flag_philippines,<U+0001F1F5><U+0001F1ED>
ğŸ‡µğŸ‡°,flag_pakistan,<U+0001F1F5><U+0001F1F0>
ğŸ‡µğŸ‡±,flag_poland,<U+0001F1F5><U+0001F1F1>
ğŸ‡µğŸ‡²,flag_st_pierre_miquelon,<U+0001F1F5><U+0001F1F2>
ğŸ‡µğŸ‡³,flag_pitcairn_islands,<U+0001F1F5><U+0001F1F3>
ğŸ‡µğŸ‡·,flag_puerto_rico,<U+0001F1F5><U+0001F1F7>
ğŸ‡µğŸ‡¸,flag_palestinian_territories,<U+0001F1F5><U+0001F1F8>
ğŸ‡µğŸ‡¹,flag_portugal,<U+0001F1F5><U+0001F1F9>
ğŸ‡µğŸ‡¼,flag_palau,<U+0001F1F5><U+0001F1FC>
ğŸ‡µğŸ‡¾,flag_paraguay,<U+0001F1F5><U+0001F1FE>
ğŸ‡¶ğŸ‡¦,flag_qatar,<U+0001F1F6><U+0001F1E6>
ğŸ‡·ğŸ‡ª,flag_reunion,<U+0001F1F7><U+0001F1EA>
ğŸ‡·ğŸ‡´,flag_romania,<U+0001F1F7><U+0001F1F4>
ğŸ‡·ğŸ‡¸,flag_serbia,<U+0001F1F7><U+0001F1F8>
ğŸ‡·ğŸ‡º,flag_russia,<U+0001F1F7><U+0001F1FA>
ğŸ‡·ğŸ‡¼,flag_rwanda,<U+0001F1F7><U+0001F1FC>
ğŸ‡¸ğŸ‡¦,flag_saudi_arabia,<U+0001F1F8><U+0001F1E6>
ğŸ‡¸ğŸ‡§,flag_solomon_islands,<U+0001F1F8><U+0001F1E7>
ğŸ‡¸ğŸ‡¨,flag_seychelles,<U+0001F1F8><U+0001F1E8>
ğŸ‡¸ğŸ‡©,flag_sudan,<U+0001F1F8><U+0001F1E9>
ğŸ‡¸ğŸ‡ª,flag_sweden,<U+0001F1F8><U+0001F1EA>
ğŸ‡¸ğŸ‡¬,flag_singapore,<U+0001F1F8><U+0001F1EC>
ğŸ‡¸ğŸ‡­,flag_st_helena,<U+0001F1F8><U+0001F1ED>
ğŸ‡¸ğŸ‡®,flag_slovenia,<U+0001F1F8><U+0001F1EE>
ğŸ‡¸ğŸ‡¯,flag_svalbard_jan_mayen,<U+0001F1F8><U+0001F1EF>
ğŸ‡¸ğŸ‡°,flag_slovakia,<U+0001F1F8><U+0001F1F0>
ğŸ‡¸ğŸ‡±,flag_sierra_leone,<U+0001F1F8><U+0001F1F1>
ğŸ‡¸ğŸ‡²,flag_san_marino,<U+0001F1F8><U+0001F1F2>
ğŸ‡¸ğŸ‡³,flag_senegal,<U+0001F1F8><U+0001F1F3>
ğŸ‡¸ğŸ‡´,flag_somalia,<U+0001F1F8><U+0001F1F4>
ğŸ‡¸ğŸ‡·,flag_suriname,<U+0001F1F8><U+0001F1F7>
ğŸ‡¸ğŸ‡¸,flag_south_sudan,<U+0001F1F8><U+0001F1F8>
ğŸ‡¸ğŸ‡¹,flag_sao_tome_principe,<U+0001F1F8><U+0001F1F9>
ğŸ‡¸ğŸ‡»,flag_el_salvador,<U+0001F1F8><U+0001F1FB>
ğŸ‡¸ğŸ‡½,flag_sint_maarten,<U+0001F1F8><U+0001F1FD>
ğŸ‡¸ğŸ‡¾,flag_syria,<U+0001F1F8><U+0001F1FE>
ğŸ‡¸ğŸ‡¿,flag_eswatini,<U+0001F1F8><U+0001F1FF>
ğŸ‡¹ğŸ‡¦,flag_tristan_da_cunha,<U+0001F1F9><U+0001F1E6>
ğŸ‡¹ğŸ‡¨,flag_turks_caicos_islands,<U+0001F1F9><U+0001F1E8>
ğŸ‡¹ğŸ‡©,flag_chad,<U+0001F1F9><U+0001F1E9>
ğŸ‡¹ğŸ‡«,flag_french_southern_territories,<U+0001F1F9><U+0001F1EB>
ğŸ‡¹ğŸ‡¬,flag_togo,<U+0001F1F9><U+0001F1EC>
ğŸ‡¹ğŸ‡­,flag_thailand,<U+0001F1F9><U+0001F1ED>
ğŸ‡¹ğŸ‡¯,flag_tajikistan,<U+0001F1F9><U+0001F1EF>
ğŸ‡¹ğŸ‡°,flag_tokelau,<U+0001F1F9><U+0001F1F0>
ğŸ‡¹ğŸ‡±,flag_timor_leste,<U+0001F1F9><U+0001F1F1>
ğŸ‡¹ğŸ‡²,flag_turkmenistan,<U+0001F1F9><U+0001F1F2>
ğŸ‡¹ğŸ‡³,flag_tunisia,<U+0001F1F9><U+0001F1F3>
ğŸ‡¹ğŸ‡´,flag_tonga,<U+0001F1F9><U+0001F1F4>
ğŸ‡¹ğŸ‡·,flag_turkey,<U+0001F1F9><U+0001F1F7>
ğŸ‡¹ğŸ‡¹,flag_trinidad_tobago,<U+0001F1F9><U+0001F1F9>
ğŸ‡¹ğŸ‡»,flag_tuvalu,<U+0001F1F9><U+0001F1FB>
ğŸ‡¹ğŸ‡¼,flag_taiwan,<U+0001F1F9><U+0001F1FC>
ğŸ‡¹ğŸ‡¿,flag_tanzania,<U+0001F1F9><U+0001F1FF>
ğŸ‡ºğŸ‡¦,flag_ukraine,<U+0001F1FA><U+0001F1E6>
ğŸ‡ºğŸ‡¬,flag_uganda,<U+0001F1FA><U+0001F1EC>
ğŸ‡ºğŸ‡²,flag_u_s_outlying_islands,<U+0001F1FA><U+0001F1F2>
ğŸ‡ºğŸ‡³,flag_united_nations,<U+0001F1FA><U+0001F1F3>
ğŸ‡ºğŸ‡¸,flag_united_states,<U+0001F1FA><U+0001F1F8>
ğŸ‡ºğŸ‡¾,flag_uruguay,<U+0001F1FA><U+0001F1FE>
ğŸ‡ºğŸ‡¿,flag_uzbekistan,<U+0001F1FA><U+0001F1FF>
ğŸ‡»ğŸ‡¦,flag_vatican_city,<U+0001F1FB><U+0001F1E6>
ğŸ‡»ğŸ‡¨,flag_st_vincent_grenadines,<U+0001F1FB><U+0001F1E8>
ğŸ‡»ğŸ‡ª,flag_venezuela,<U+0001F1FB><U+0001F1EA>
ğŸ‡»ğŸ‡¬,flag_british_virgin_islands,<U+0001F1FB><U+0001F1EC>
ğŸ‡»ğŸ‡®,flag_u_s_virgin_islands,<U+0001F1FB><U+0001F1EE>
ğŸ‡»ğŸ‡³,flag_vietnam,<U+0001F1FB><U+0001F1F3>
ğŸ‡»ğŸ‡º,flag_vanuatu,<U+0001F1FB><U+0001F1FA>
ğŸ‡¼ğŸ‡«,flag_wallis_futuna,<U+0001F1FC><U+0001F1EB>
ğŸ‡¼ğŸ‡¸,flag_samoa,<U+0001F1FC><U+0001F1F8>
ğŸ‡½ğŸ‡°,flag_kosovo,<U+0001F1FD><U+0001F1F0>
ğŸ‡¾ğŸ‡ª,flag_yemen,<U+0001F1FE><U+0001F1EA>
ğŸ‡¾ğŸ‡¹,flag_mayotte,<U+0001F1FE><U+0001F1F9>
ğŸ‡¿ğŸ‡¦,flag_south_africa,<U+0001F1FF><U+0001F1E6>
ğŸ‡¿ğŸ‡²,flag_zambia,<U+0001F1FF><U+0001F1F2>
ğŸ‡¿ğŸ‡¼,flag_zimbabwe,<U+0001F1FF><U+0001F1FC>
ğŸ´ó §ó ¢ó ¥ó ®ó §ó ¿,flag_england,<U+0001F3F4><U+000E0067><U+000E0062><U+000E0065><U+000E006E><U+000E0067><U+000E007F>
ğŸ´ó §ó ¢ó ³ó £ó ´ó ¿,flag_scotland,<U+0001F3F4><U+000E0067><U+000E0062><U+000E0073><U+000E0063><U+000E0074><U+000E007F>
ğŸ´ó §ó ¢ó ·ó ¬ó ³ó ¿,flag_wales,<U+0001F3F4><U+000E0067><U+000E0062><U+000E0077><U+000E006C><U+000E0073><U+000E007F>
ğŸ¥²,smiling face with tear,<U+0001F972>
ğŸ¥¸,disguised face,<U+0001F978>
ğŸ¤Œ,pinched fingers,<U+0001F90C>
ğŸ«€,anatomical heart,<U+0001FAC0>
ğŸ«,lungs,<U+0001FAC1>
ğŸ¥·,ninja,<U+0001F977>
ğŸ¤µâ€â™‚ï¸,man in tuxedo,<U+0001F935><U+200D>><U+FE0F>
ğŸ¤µâ€â™€ï¸,woman in tuxedo,<U+0001F935><U+200D>+<U+FE0F>
ğŸ‘°â€â™‚ï¸,man with veil,<U+0001F470><U+200D>><U+FE0F>
ğŸ‘°â€â™€ï¸,woman with veil,<U+0001F470><U+200D>+<U+FE0F>
ğŸ‘©â€ğŸ¼,woman feeding baby,<U+0001F469><U+200D><U+0001F37C>
ğŸ‘¨â€ğŸ¼,man feeding baby,<U+0001F468><U+200D><U+0001F37C>
ğŸ§‘â€ğŸ¼,person feeding baby,<U+0001F9D1><U+200D><U+0001F37C>
ğŸ§‘â€ğŸ„,mx claus,<U+0001F9D1><U+200D><U+0001F384>
ğŸ«‚,people hugging,<U+0001FAC2>
ğŸˆâ€â¬›,black cat,<U+0001F408><U+200D><U+2B1B>
ğŸ¦¬,bison,<U+0001F9AC>
ğŸ¦£,mammoth,<U+0001F9A3>
ğŸ¦«,beaver,<U+0001F9AB>
ğŸ»â€â„ï¸,polar bear,<U+0001F43B><U+200D><U+2744><U+FE0F>
ğŸ¦¤,dodo,<U+0001F9A4>
ğŸª¶,feather,<U+0001FAB6>
ğŸ¦­,seal,<U+0001F9AD>
ğŸª²,beetle,<U+0001FAB2>
ğŸª³,cockroach,<U+0001FAB3>
ğŸª°,fly,<U+0001FAB0>
ğŸª±,worm,<U+0001FAB1>
ğŸª´,potted plant,<U+0001FAB4>
ğŸ«,blueberries,<U+0001FAD0>
ğŸ«’,olive,<U+0001FAD2>
ğŸ«‘,bell pepper,<U+0001FAD1>
ğŸ«“,flatbread,<U+0001FAD3>
ğŸ«”,tamale,<U+0001FAD4>
ğŸ«•,fondue,<U+0001FAD5>
ğŸ«–,teapot,<U+0001FAD6>
ğŸ§‹,bubble tea,<U+0001F9CB>
ğŸª¨,rock,<U+0001FAA8>
ğŸªµ,wood,<U+0001FAB5>
ğŸ›–,hut,<U+0001F6D6>
ğŸ›»,pickup truck,<U+0001F6FB>
ğŸ›¼,roller skate,<U+0001F6FC>
ğŸª„,magic wand,<U+0001FA84>
ğŸª…,pinata,<U+0001FA85>
ğŸª†,nesting dolls,<U+0001FA86>
ğŸª¡,sewing needle,<U+0001FAA1>
ğŸª¢,knot,<U+0001FAA2>
ğŸ©´,thong sandal,<U+0001FA74>
ğŸª–,military helmet,<U+0001FA96>
ğŸª—,accordion,<U+0001FA97>
ğŸª˜,long drum,<U+0001FA98>
ğŸª™,coin,<U+0001FA99>
ğŸªƒ,boomerang,<U+0001FA83>
ğŸªš,carpentry saw,<U+0001FA9A>
ğŸª›,screwdriver,<U+0001FA9B>
ğŸª,hook,<U+0001FA9D>
ğŸªœ,ladder,<U+0001FA9C>
ğŸ›—,elevator,<U+0001F6D7>
ğŸª,mirror,<U+0001FA9E>
ğŸªŸ,window,<U+0001FA9F>
ğŸª ,plunger,<U+0001FAA0>
ğŸª¤,mouse trap,<U+0001FAA4>
ğŸª£,bucket,<U+0001FAA3>
ğŸª¥,toothbrush,<U+0001FAA5>
ğŸª¦,headstone,<U+0001FAA6>
ğŸª§,placard,<U+0001FAA7>
âš§ï¸,transgender symbol,<U+26A7><U+FE0F>
ğŸ³ï¸â€âš§ï¸,transgender flag,<U+0001F3F3><U+FE0F><U+200D><U+26A7><U+FE0F>
